id	BP101	BP155	BP186	BP278	BP315	BP331
TIGR01448	231	233	4	1505	666	939
TIGR01449	314	267	8	483	1712	528
TIGR01444	2	0	0	29	144	28
TIGR01447	155	196	6	338	398	541
TIGR02835	699	700	158	814	2752	1018
TIGR03497	2399	2357	411	2628	7235	3256
TIGR00369	344	203	19	478	1692	658
TIGR03491	0	0	0	6	46	2
TIGR01174	748	677	43	1144	3488	1246
TIGR02948	421	328	24	471	1298	534
TIGR02944	204	118	15	250	789	307
TIGR02945	38	29	0	4	13	8
TIGR02946	15	12	0	50	200	94
TIGR02947	308	263	15	370	1259	460
TIGR02941	1060	1047	323	1155	3575	1343
TIGR02943	82	85	0	65	197	73
TIGR03569	2	0	0	41	124	34
TIGR03568	1	2	0	27	193	38
TIGR03565	390	293	7	483	1419	631
TIGR04244	137	172	14	275	771	285
TIGR04247	53	40	4	114	289	95
TIGR04246	137	173	14	277	773	285
TIGR03560	2050	1655	83	2657	7596	3409
TIGR04243	119	138	12	153	494	176
TIGR03498	2498	2450	432	2747	7767	3362
TIGR01172	512	406	18	478	1794	616
TIGR04082	14	16	2	3	14	4
TIGR00365	77	94	3	59	272	158
TIGR04085	0	0	0	15	7	4
TIGR00090	95	90	5	174	592	194
TIGR00091	203	208	14	249	718	283
TIGR00092	569	520	48	789	2926	1031
TIGR00093	701	663	35	888	2838	1227
TIGR00094	196	147	1	264	916	316
TIGR00095	114	121	8	221	785	253
TIGR00096	239	236	10	380	1379	466
TIGR00097	110	69	7	135	685	122
TIGR00099	40	24	1	70	258	56
TIGR02768	0	13	2	0	14	0
TIGR02769	4833	4449	347	6189	21075	7585
TIGR01072	463	410	20	546	1808	659
TIGR02764	126	141	13	164	511	190
TIGR03363	54	39	2	63	119	54
TIGR00546	320	318	4	419	1464	433
TIGR01901	0	0	0	13	0	4
TIGR00544	214	154	10	273	874	262
TIGR00543	527	467	27	577	2057	749
TIGR00540	234	257	5	507	2038	506
TIGR02215	63	24	0	0	0	7
TIGR00548	190	197	8	271	1212	354
TIGR01157	49	56	2	38	41	33
TIGR02217	880	589	29	48	58	95
TIGR01152	64	68	3	42	57	37
TIGR01151	64	68	3	42	57	37
TIGR03349	18	18	0	17	62	17
TIGR01158	50	35	0	101	413	129
TIGR02211	4924	4423	337	6100	21201	7559
TIGR02494	0	0	0	20	69	15
TIGR02495	171	146	8	140	573	213
TIGR02492	500	515	27	771	2627	825
TIGR02493	0	0	0	20	69	15
TIGR02490	786	641	21	1039	3691	1226
TIGR00401	250	254	19	369	1238	459
TIGR00400	797	538	33	845	2473	906
TIGR00407	497	490	25	679	2522	786
TIGR00406	266	183	22	278	934	354
TIGR00405	41	58	39	14	8	1
TIGR00409	971	801	65	956	3890	1441
TIGR00408	620	561	36	611	2372	907
TIGR03705	644	478	37	1075	3884	1463
TIGR03704	215	185	8	329	979	334
TIGR03707	76	67	5	323	1110	305
TIGR03706	221	184	22	527	1875	669
TIGR03701	441	354	29	410	1455	535
TIGR03700	103	73	6	172	486	144
TIGR03703	47	33	4	90	305	60
TIGR03341	205	191	13	144	585	251
TIGR03709	68	60	5	260	914	248
TIGR03708	87	72	5	335	1285	320
TIGR01844	837	676	51	1050	3120	987
TIGR01845	840	839	46	1006	4487	1266
TIGR01846	4275	3834	270	5139	18227	6552
TIGR01840	7	7	0	6	24	8
TIGR01841	32	28	0	17	50	17
TIGR01842	4261	3857	319	5329	17646	6300
TIGR01843	171	188	11	344	832	266
TIGR01848	20	13	0	19	23	28
TIGR01849	38	59	0	23	65	27
TIGR02383	9	13	0	8	23	14
TIGR02380	81	80	4	67	210	104
TIGR02381	409	328	29	511	1233	603
TIGR02386	2989	2766	340	3691	11460	4379
TIGR02387	1047	1039	154	1390	3908	1666
TIGR02385	66	37	7	36	135	62
TIGR02388	1791	1640	175	2190	6904	2556
TIGR02389	219	253	20	354	901	413
TIGR02540	32	39	0	0	4	0
TIGR03018	358	294	16	507	2003	535
TIGR00714	115	82	6	194	703	244
TIGR00713	943	876	44	1256	4981	1459
TIGR00712	0	0	0	5	16	6
TIGR00711	1358	1223	55	1524	5583	1977
TIGR00710	152	177	3	167	734	215
TIGR03011	94	86	2	110	406	175
TIGR03010	58	45	3	122	420	123
TIGR03013	815	707	53	948	3811	1187
TIGR03012	136	85	4	230	546	224
TIGR03015	695	446	8	984	3477	1306
TIGR03017	20	33	0	57	147	33
TIGR03016	587	507	19	908	3381	926
TIGR00931	71	96	2	62	255	48
TIGR01938	449	420	12	476	1607	635
TIGR01939	519	493	41	853	2332	915
TIGR01930	1812	1744	106	2231	8886	3051
TIGR01931	17	59	2	168	519	138
TIGR01932	223	112	20	304	769	314
TIGR01933	306	218	17	543	1509	446
TIGR01934	609	543	24	678	2085	799
TIGR01935	133	115	4	193	735	222
TIGR01936	419	412	25	692	2071	766
TIGR01937	1297	1053	56	1440	4832	1732
TIGR03374	2737	2736	193	3179	10669	3856
TIGR03375	5700	5081	362	7021	24398	8785
TIGR03376	223	190	7	472	1389	482
TIGR03377	0	0	0	6	29	11
TIGR03371	498	435	22	584	2102	687
TIGR03372	1082	912	48	1531	6162	1912
TIGR03373	38	34	5	5	32	19
TIGR03379	425	311	22	391	1512	547
TIGR03173	30	45	4	23	55	8
TIGR03170	48	72	0	115	383	110
TIGR04112	0	0	0	15	96	16
TIGR03178	50	53	0	67	190	47
TIGR02931	0	2	0	30	97	12
TIGR00519	49	61	2	30	68	27
TIGR03641	14	16	2	31	232	40
TIGR02153	48	61	2	30	69	27
TIGR02152	159	203	14	327	1311	366
TIGR02150	12	2	0	11	35	1
TIGR01628	173	137	13	145	575	245
TIGR02156	28	41	2	13	47	14
TIGR02155	173	185	6	211	711	214
TIGR02154	4432	3961	204	4925	17458	5792
TIGR01625	0	0	0	7	33	9
TIGR02159	14	37	4	7	34	12
TIGR01621	815	627	33	1206	3944	1384
TIGR01622	181	159	13	170	635	256
TIGR00511	0	0	0	17	51	14
TIGR00979	45	51	9	39	252	42
TIGR00978	88	68	13	157	617	181
TIGR00977	194	168	6	413	1064	411
TIGR00976	176	211	4	397	1641	516
TIGR00975	3	1	4	51	228	89
TIGR00974	298	322	14	442	1576	551
TIGR00973	445	377	16	820	2422	860
TIGR00972	4726	4312	314	5933	20835	7468
TIGR00970	60	56	2	154	480	159
TIGR03953	417	457	3	478	2157	655
TIGR03957	0	0	0	8	93	11
TIGR00514	776	759	62	814	2956	1115
TIGR02027	470	325	43	658	2459	812
TIGR02026	0	0	0	25	143	37
TIGR02025	255	325	20	180	1232	191
TIGR01713	12	24	0	38	140	27
TIGR02022	298	204	7	398	1400	510
TIGR02021	99	98	4	125	259	184
TIGR03399	1	7	0	10	30	21
TIGR03392	401	362	12	596	1762	572
TIGR03393	268	228	18	294	1050	410
TIGR03391	57	47	1	31	88	35
TIGR03394	411	394	27	584	2017	708
TIGR01438	1429	1284	79	1882	5947	2266
TIGR01435	622	616	21	794	2703	990
TIGR01434	767	751	25	1027	3577	1278
TIGR01436	5	5	0	8	44	22
TIGR01430	41	22	4	9	76	18
TIGR01433	92	68	4	92	410	108
TIGR01432	125	75	8	84	492	101
TIGR01758	279	278	21	398	1217	454
TIGR02066	0	0	0	77	157	35
TIGR00393	255	177	14	287	928	322
TIGR00392	1710	1464	143	2205	6921	2588
TIGR00391	0	1	0	47	102	13
TIGR00390	600	545	68	768	2839	1012
TIGR00397	20	19	6	75	170	59
TIGR00396	654	577	37	858	2726	1014
TIGR02843	1453	1199	377	1185	3560	1472
TIGR02842	621	504	35	809	2575	866
TIGR00399	117	110	4	164	608	199
TIGR00398	933	707	66	992	2956	1204
TIGR00151	259	149	5	319	1265	453
TIGR00150	121	125	4	110	355	91
TIGR00153	239	232	28	470	1305	437
TIGR01380	259	210	13	244	943	318
TIGR01387	3441	3141	175	3749	13730	4279
TIGR01386	2050	1920	113	2677	9993	3194
TIGR01385	11	18	1	14	6	25
TIGR00158	85	86	11	140	389	154
TIGR01389	797	700	40	1014	3436	1237
TIGR01388	243	181	21	377	1236	456
TIGR01756	272	271	20	387	1210	449
TIGR01540	14	12	2	281	136	66
TIGR01543	104	46	0	39	5	12
TIGR01757	296	301	26	416	1281	475
TIGR01547	729	368	25	188	425	518
TIGR01549	5	0	0	2	28	14
TIGR01548	59	34	0	96	312	84
TIGR03319	2	4	0	8	39	16
TIGR04259	270	207	17	270	1085	314
TIGR04256	0	0	0	8	24	2
TIGR03572	400	353	14	634	1830	605
TIGR04253	271	223	21	338	1345	502
TIGR03570	487	470	19	694	2390	862
TIGR03571	2258	1780	120	2756	7750	3554
TIGR01999	8	21	1	23	67	18
TIGR04094	40	71	2	68	265	56
TIGR04095	136	114	7	40	373	104
TIGR04091	0	0	0	30	122	21
TIGR04093	58	41	6	118	738	149
TIGR01097	67	78	4	24	122	41
TIGR01096	336	312	17	285	1480	410
TIGR01092	898	845	40	1221	4127	1316
TIGR01091	17	34	0	26	71	12
TIGR01090	20	16	2	8	84	16
TIGR01099	303	297	8	426	1196	451
TIGR01098	91	133	7	152	1000	213
TIGR01990	9	32	7	90	435	64
TIGR02918	42	32	9	20	69	29
TIGR02719	43	37	2	62	235	78
TIGR02718	122	134	5	181	581	210
TIGR02715	246	211	26	322	1015	366
TIGR02717	189	228	27	396	1166	465
TIGR02711	277	296	15	295	845	318
TIGR02713	187	156	24	252	766	261
TIGR02712	859	838	64	945	3372	1316
TIGR00573	583	510	19	495	1584	800
TIGR00571	10	5	0	102	224	26
TIGR01995	57	22	0	0	6	2
TIGR00577	339	426	22	630	2334	729
TIGR00576	1056	760	43	195	312	605
TIGR00575	583	554	37	987	2911	1259
TIGR00379	17	43	2	51	208	32
TIGR01169	401	297	26	550	1764	698
TIGR01163	393	277	14	392	1181	419
TIGR01162	10	11	5	38	130	38
TIGR01161	13	4	6	51	159	79
TIGR00372	3	20	0	69	424	97
TIGR00374	0	0	0	10	30	6
TIGR00377	41	93	2	20	90	26
TIGR01164	276	311	45	377	1065	442
TIGR01369	609	564	66	756	2475	879
TIGR01368	474	442	42	543	2058	728
TIGR03564	1960	1517	70	2662	7956	3162
TIGR01361	312	292	8	576	1728	584
TIGR01360	154	136	14	193	514	240
TIGR01362	485	447	10	797	2477	913
TIGR01365	598	408	25	717	2818	830
TIGR01364	28	36	4	123	398	100
TIGR01367	81	101	0	164	634	236
TIGR01366	428	296	19	542	2121	617
TIGR00414	612	595	26	663	2443	885
TIGR00416	498	391	30	742	2186	771
TIGR02622	582	467	29	657	2212	853
TIGR03563	0	0	0	11	75	15
TIGR00412	0	1	0	4	45	5
TIGR00413	196	156	12	350	896	280
TIGR02628	0	0	0	2	54	22
TIGR04242	156	170	12	168	432	232
TIGR00418	803	749	80	864	2988	1198
TIGR00419	178	168	13	281	1110	377
TIGR03716	0	1	4	27	22	14
TIGR03714	780	731	66	981	3866	1215
TIGR02689	0	0	0	11	57	3
TIGR03710	485	357	15	717	2806	958
TIGR00319	0	0	0	2	7	2
TIGR03719	3824	3578	254	4541	15787	5793
TIGR04321	2	0	0	30	101	28
TIGR02684	13	14	2	48	76	49
TIGR00708	73	122	4	40	193	36
TIGR00709	1025	925	48	1461	5770	1735
TIGR00700	1122	985	48	1626	6352	1938
TIGR00701	192	173	7	329	1294	384
TIGR00702	104	95	9	46	273	88
TIGR03030	62	52	0	28	163	110
TIGR00704	87	63	0	283	952	282
TIGR00705	1060	915	57	1263	3926	1436
TIGR00706	957	690	37	1196	3106	1180
TIGR00707	1283	1175	56	1885	7300	2216
TIGR02535	0	0	0	20	62	6
TIGR04329	58	41	6	118	733	145
TIGR02533	1320	1022	81	1665	6162	1999
TIGR02532	14	6	0	10	75	20
TIGR03002	101	55	2	147	506	141
TIGR03003	0	0	0	3	40	6
TIGR03006	271	290	20	463	1429	551
TIGR02538	1307	1036	88	1734	6673	2014
TIGR03004	7	5	0	17	71	13
TIGR03005	4149	3789	285	5012	17409	6297
TIGR01949	0	0	0	4	55	2
TIGR01948	670	577	55	1023	2942	1119
TIGR01945	430	334	17	676	2000	632
TIGR01944	141	142	12	212	750	275
TIGR01947	19	27	2	174	414	137
TIGR01946	1041	870	42	1204	4118	1475
TIGR01941	571	542	16	676	2187	828
TIGR01940	542	481	19	673	2074	799
TIGR01943	638	624	41	954	2822	1081
TIGR01942	378	355	8	472	1793	601
TIGR00922	270	227	19	345	1195	447
TIGR02449	39	28	0	57	125	72
TIGR03145	425	314	43	314	898	346
TIGR03144	0	0	0	41	126	26
TIGR03143	516	427	28	637	2126	828
TIGR03142	28	60	8	9	26	11
TIGR03141	28	34	2	15	42	24
TIGR03140	715	576	33	1063	3518	1308
TIGR02441	3107	2720	168	3914	12959	4698
TIGR02440	3165	2772	164	3921	12773	4671
TIGR02443	110	48	1	143	586	178
TIGR02442	8	8	1	14	21	10
TIGR02445	1299	1278	77	1575	6269	2076
TIGR02444	37	24	2	0	2	2
TIGR03149	121	111	13	239	680	226
TIGR02446	693	754	37	894	3361	1091
TIGR02144	46	59	4	18	70	20
TIGR02146	463	423	21	861	2531	918
TIGR02140	64	88	0	135	442	177
TIGR02141	116	153	6	238	779	289
TIGR02142	4818	4338	328	6125	21826	7686
TIGR02143	507	348	8	541	2205	813
TIGR01304	278	206	15	333	1013	395
TIGR02149	228	233	20	421	2025	426
TIGR01893	55	71	2	75	302	87
TIGR01892	900	1030	81	1472	4549	1505
TIGR01891	40	57	1	52	203	56
TIGR01890	860	777	48	1403	5030	1815
TIGR00962	2091	2033	395	2295	6682	2849
TIGR00963	1059	973	92	1317	5098	1688
TIGR00964	51	66	11	65	208	69
TIGR00965	62	73	5	120	400	82
TIGR00966	283	225	8	282	1020	365
TIGR00967	629	634	76	888	2994	905
TIGR00968	5041	4493	348	6208	22230	7869
TIGR00969	95	119	0	144	461	181
TIGR03924	255	173	37	255	651	293
TIGR03921	103	155	3	200	532	193
TIGR03928	301	218	46	319	908	380
TIGR02038	743	607	27	914	3254	1016
TIGR02039	124	115	7	103	233	79
TIGR02030	8	8	1	14	21	10
TIGR02032	47	53	4	42	55	36
TIGR02033	167	160	6	192	465	202
TIGR02034	1250	1106	272	1247	3489	1545
TIGR02035	14	43	2	22	34	4
TIGR02036	704	798	35	494	1632	582
TIGR02037	746	593	27	935	3222	1012
TIGR01817	2410	2172	145	3069	10515	3794
TIGR01760	419	444	4	184	278	319
TIGR01763	0	0	0	6	34	7
TIGR01195	154	184	15	198	619	243
TIGR01769	2	4	0	5	25	4
TIGR03251	415	374	22	614	2526	781
TIGR03811	60	25	2	13	43	21
TIGR03813	16	32	0	22	21	4
TIGR03812	293	234	8	149	666	159
TIGR03817	2	1	0	5	39	17
TIGR03819	548	418	47	726	2652	905
TIGR03818	172	141	4	174	518	147
TIGR03254	486	434	27	738	2429	814
TIGR01426	2	5	0	75	140	102
TIGR01424	2124	1873	99	2764	9065	3351
TIGR01425	927	798	55	1452	5035	1683
TIGR01422	64	40	0	78	323	81
TIGR01423	1281	1149	67	1690	5282	2000
TIGR01420	195490	136236	77129	293367	404806	157690
TIGR01421	1855	1703	91	2449	8187	3007
TIGR00384	255	304	7	341	1215	415
TIGR02857	6306	5715	431	8022	27482	9858
TIGR00387	598	548	16	785	3104	933
TIGR00380	0	0	0	14	60	12
TIGR00381	0	0	0	36	139	18
TIGR02850	1074	1047	355	1171	3609	1376
TIGR00388	423	417	44	494	1417	527
TIGR00389	6	8	0	26	81	29
TIGR01394	4024	3847	570	4287	12866	5342
TIGR01395	322	331	31	532	1897	668
TIGR01396	162	151	10	203	846	223
TIGR01397	409	383	12	569	2031	744
TIGR01391	407	368	23	454	1853	544
TIGR01392	232	147	22	325	883	301
TIGR01393	2648	2602	307	3040	9815	3964
TIGR00148	457	360	29	417	1481	571
TIGR00149	149	128	6	203	683	278
TIGR01398	881	685	40	1093	3825	1377
TIGR01399	950	700	50	1161	4074	1416
TIGR01552	2	0	0	14	159	5
TIGR01553	907	797	68	1150	3540	1366
TIGR01551	17	19	0	2	16	2
TIGR01554	569	430	26	59	54	109
TIGR01555	251	182	31	719	1591	768
TIGR00608	338	340	22	974	2040	766
TIGR02966	4871	4325	235	5864	22683	7378
TIGR03540	960	870	82	1549	4947	1856
TIGR03547	9	14	0	0	4	6
TIGR04266	474	416	12	449	1453	430
TIGR04265	354	305	18	397	1947	527
TIGR02967	341	254	9	432	1536	528
TIGR03549	113	134	9	60	297	105
TIGR03548	9	14	0	0	4	6
TIGR01088	127	59	13	190	519	253
TIGR04060	3	5	3	118	384	76
TIGR04063	475	413	34	530	2179	643
TIGR00057	300	258	10	320	953	320
TIGR01081	804	703	32	943	3280	1146
TIGR01082	1360	1170	43	1888	6555	2210
TIGR01083	278	225	7	323	1045	378
TIGR01084	218	189	14	450	1280	431
TIGR01085	631	520	24	704	2196	715
TIGR01087	805	669	37	1103	4069	1287
TIGR02960	260	207	8	274	775	301
TIGR02420	116	103	5	119	401	112
TIGR02708	49	43	7	101	289	127
TIGR02709	0	2	4	29	127	20
TIGR02706	6	9	6	40	270	28
TIGR02707	10	51	1	57	318	25
TIGR02702	13	22	0	10	33	11
TIGR00564	936	857	36	1234	4231	1487
TIGR00565	604	584	31	743	2586	901
TIGR00566	233	267	23	263	1068	408
TIGR00560	54	34	2	82	245	82
TIGR00561	529	470	29	556	1817	698
TIGR00563	459	391	18	649	2161	757
TIGR03494	483	428	22	550	1965	714
TIGR00368	207	225	13	410	1260	522
TIGR03496	2460	2406	424	2690	7439	3310
TIGR01178	143	115	13	158	528	204
TIGR01179	1190	1112	92	1523	5197	1987
TIGR00362	715	713	39	982	3644	1230
TIGR01175	670	475	15	1032	3370	1170
TIGR01176	1875	1430	98	2011	6520	2358
TIGR00361	303	318	23	464	1747	573
TIGR03499	503	497	21	753	2786	886
TIGR01171	530	464	41	649	1932	753
TIGR00364	251	240	13	481	1474	514
TIGR01173	687	587	30	889	2925	1083
TIGR01379	317	357	13	505	2034	568
TIGR01372	462	452	22	456	1433	506
TIGR01373	84	136	4	62	153	37
TIGR01371	309	248	12	208	1309	321
TIGR01377	16	19	0	14	22	2
TIGR01374	14	39	0	16	30	7
TIGR01375	20	41	1	25	42	2
TIGR02632	7265	6184	320	9051	32454	11628
TIGR02633	2613	2428	161	3161	11405	3950
TIGR03723	583	582	16	596	2067	861
TIGR03722	512	507	17	527	1818	747
TIGR02638	567	505	14	486	1599	453
TIGR02639	2006	1610	146	2259	7661	2950
TIGR03727	37	13	3	45	78	45
TIGR03725	287	240	16	387	1419	514
TIGR03724	12	24	2	19	66	33
TIGR04281	276	270	3	394	1288	424
TIGR04283	288	277	26	367	1364	474
TIGR04282	115	123	16	108	479	160
TIGR04285	159	173	8	232	1041	295
TIGR04284	3132	3036	220	3565	12236	4451
TIGR00778	11	18	1	12	26	6
TIGR00775	647	483	13	883	2695	1063
TIGR00774	77	50	0	24	144	64
TIGR00773	479	339	35	581	2083	758
TIGR02524	1070	880	56	1293	4949	1694
TIGR02525	1227	1043	167	1548	5987	1992
TIGR02523	53	52	0	71	458	93
TIGR02520	70	96	1	302	1256	285
TIGR02521	383	359	13	622	2804	763
TIGR03036	0	6	0	7	39	14
TIGR03033	115	117	0	69	169	117
TIGR02529	250	301	35	362	1112	436
TIGR01958	141	124	2	235	757	277
TIGR01959	35	38	2	160	548	112
TIGR01956	126	93	3	186	490	225
TIGR01957	4	6	2	17	16	14
TIGR01954	69	60	5	144	426	100
TIGR01955	142	142	11	163	706	221
TIGR01952	88	98	6	131	460	127
TIGR01953	266	303	18	449	1581	530
TIGR01950	24	28	0	9	66	31
TIGR01951	178	141	4	284	1016	320
TIGR03150	1280	1042	64	2043	6692	2136
TIGR03151	519	453	21	815	2355	906
TIGR03153	0	0	0	25	86	22
TIGR03156	734	797	57	1136	3333	1188
TIGR00609	523	485	30	656	2051	739
TIGR02453	136	102	10	111	375	153
TIGR02451	22	20	0	58	102	32
TIGR02456	157	123	0	17	58	42
TIGR00858	319	340	14	434	1474	529
TIGR01880	248	300	20	362	1136	393
TIGR01883	48	65	2	54	135	44
TIGR01885	1190	1035	49	1733	6802	2051
TIGR01887	78	109	6	139	419	174
TIGR00915	6328	6094	322	7330	25746	9116
TIGR00914	5750	5590	328	6377	22742	8083
TIGR00916	297	240	18	293	1139	409
TIGR00911	136	130	7	283	835	276
TIGR03937	574	536	42	771	2710	977
TIGR03933	137	110	1	202	913	221
TIGR04352	158	128	7	234	818	251
TIGR03431	1008	863	318	804	2095	454
TIGR03938	203	160	1	266	1631	407
TIGR03939	190	82	3	332	1899	426
TIGR02819	584	433	52	547	1984	659
TIGR02049	0	0	0	9	16	2
TIGR03329	121	136	2	67	157	33
TIGR02044	154	209	2	197	821	222
TIGR02047	93	131	0	131	470	137
TIGR02046	0	2	0	13	113	17
TIGR02041	226	204	22	310	1073	287
TIGR02040	25	33	2	90	405	96
TIGR02043	143	199	2	169	737	200
TIGR02042	297	236	23	410	1432	428
TIGR01776	17	15	0	63	533	49
TIGR01774	2	0	0	211	349	48
TIGR02288	476	463	30	509	1748	603
TIGR01772	140	134	9	195	593	240
TIGR01770	161	265	23	282	550	176
TIGR01771	0	0	0	6	33	6
TIGR02283	110	103	3	195	600	256
TIGR02282	158	126	3	292	1011	382
TIGR02281	74	87	8	113	358	93
TIGR02280	4100	3295	245	5326	17975	6436
TIGR02287	303	183	10	337	1244	402
TIGR02286	197	122	0	278	934	361
TIGR01778	265	198	0	321	1355	491
TIGR01779	819	754	32	1096	4408	1255
TIGR03802	0	0	0	7	33	9
TIGR03801	75	75	8	108	267	74
TIGR03806	139	68	0	2	15	10
TIGR03804	0	0	0	14	17	5
TIGR04051	52	57	2	60	241	47
TIGR00824	0	0	0	4	18	0
TIGR04053	73	87	4	106	367	92
TIGR01413	18	11	0	33	136	27
TIGR01411	61	46	4	51	177	89
TIGR01410	10	36	4	16	99	20
TIGR01417	649	543	39	844	2728	977
TIGR01416	415	345	22	482	1560	574
TIGR01415	273	241	8	290	983	382
TIGR01414	45	45	4	17	99	43
TIGR01419	206	146	13	235	748	285
TIGR01418	618	577	30	1205	3951	1318
TIGR02199	119	87	6	212	520	222
TIGR02198	199	228	9	576	1975	571
TIGR02197	572	607	47	675	2202	892
TIGR02196	77	112	4	74	291	89
TIGR02195	368	346	18	659	2069	723
TIGR02193	324	312	20	461	1590	593
TIGR02191	208	210	9	284	1044	418
TIGR02190	67	75	1	27	70	21
TIGR00177	549	482	16	826	2522	934
TIGR00176	0	0	2	60	118	29
TIGR00175	79	80	9	124	272	96
TIGR00174	89	118	6	292	989	365
TIGR00173	34	22	2	134	415	144
TIGR00172	523	468	41	798	2371	804
TIGR00171	120	118	5	163	456	192
TIGR00170	913	749	53	1062	3170	1382
TIGR00179	106	115	1	166	586	204
TIGR00178	818	836	39	834	2793	1039
TIGR02997	1562	1443	378	1752	5562	2112
TIGR02995	83	68	6	68	504	126
TIGR02993	48	44	2	69	249	85
TIGR02992	36	56	2	22	64	10
TIGR02991	536	425	27	666	2528	916
TIGR02999	6	5	0	9	115	38
TIGR02998	135	126	6	203	770	246
TIGR03554	365	290	17	529	1522	623
TIGR03555	2878	2399	136	3698	10813	4663
TIGR03557	395	319	7	566	1596	696
TIGR04270	0	0	0	11	59	6
TIGR03551	144	101	9	253	655	195
TIGR03552	189	113	12	268	968	402
TIGR02277	35	38	2	6	30	12
TIGR00287	101	62	10	144	803	202
TIGR03558	1996	1631	115	2464	6659	3009
TIGR03559	1632	1292	81	2156	6717	2523
TIGR04075	49	17	2	0	4	4
TIGR02868	5033	4444	335	6333	21411	7600
TIGR02866	512	385	36	458	1669	459
TIGR02733	0	0	0	2	27	6
TIGR02735	39	42	4	84	220	75
TIGR00593	1790	1646	96	1869	6038	2861
TIGR00592	81	32	0	10	37	19
TIGR00595	256	213	11	290	1081	410
TIGR00594	1388	1037	69	1161	4362	1798
TIGR01181	1140	1095	84	1466	4835	1931
TIGR01180	38	70	2	28	64	23
TIGR01183	22	6	0	90	377	80
TIGR01182	29	39	0	16	28	12
TIGR03482	0	0	0	4	29	8
TIGR01184	3868	3507	270	4736	16925	6081
TIGR01187	4252	3895	282	5405	19363	6793
TIGR00358	898	693	75	1125	3736	1373
TIGR00357	272	269	32	368	1463	481
TIGR01188	5390	4988	367	6905	24842	8601
TIGR00355	767	660	70	1056	3276	1133
TIGR00353	448	321	39	303	882	348
TIGR00351	3	0	0	34	85	13
TIGR01349	800	673	42	968	3860	1271
TIGR01348	991	867	47	1120	4286	1458
TIGR01347	892	752	42	1072	4110	1359
TIGR01346	472	497	28	658	1623	706
TIGR01345	1148	977	78	1283	4762	1595
TIGR01344	1	2	0	35	120	35
TIGR01343	715	575	39	889	2658	1190
TIGR01342	883	786	56	1111	3283	1467
TIGR01341	1116	995	61	1289	3864	1594
TIGR01340	974	849	60	1197	3628	1530
TIGR02607	130	113	2	90	363	167
TIGR02606	161	223	4	158	731	231
TIGR02605	28	20	0	65	179	66
TIGR02602	194	235	8	282	933	441
TIGR04102	140	146	14	144	614	302
TIGR04103	53	55	2	48	173	50
TIGR04107	239	253	11	342	1262	373
TIGR02608	0	0	0	2	8	0
TIGR03219	50	42	56	26	66	48
TIGR04290	120	74	3	136	410	184
TIGR02519	571	500	15	933	3690	1086
TIGR02518	44	30	8	16	42	10
TIGR00768	77	91	4	53	273	70
TIGR02422	16	17	0	0	2	4
TIGR00767	708	718	62	751	2457	886
TIGR00764	306	288	11	605	2091	702
TIGR00765	261	267	7	331	1214	414
TIGR02517	1037	894	32	1552	5940	1843
TIGR02516	585	532	16	1029	3976	1150
TIGR02515	866	802	24	1474	5399	1740
TIGR00761	528	476	32	805	2903	1015
TIGR03020	27	26	2	21	58	33
TIGR03022	729	676	52	878	3414	1138
TIGR03023	846	752	56	1106	4854	1395
TIGR03025	869	787	58	1117	4861	1403
TIGR03026	926	907	34	1383	4917	1748
TIGR03027	303	230	24	344	1128	376
TIGR03028	176	173	19	266	1037	288
TIGR03029	104	93	5	190	1083	185
TIGR02426	377	290	26	417	1328	498
TIGR00651	33	39	6	97	385	57
TIGR01963	9911	8438	430	12399	44313	16334
TIGR00717	1224	1153	69	1266	4314	1765
TIGR01961	0	0	0	16	8	12
TIGR01960	174	239	17	280	452	143
TIGR01967	1380	1138	48	1599	5388	2009
TIGR01966	469	370	53	731	2491	910
TIGR01965	91	53	13	28	88	25
TIGR02541	235	238	16	397	1393	424
TIGR01969	677	584	30	736	2656	877
TIGR01968	647	547	26	702	2493	845
TIGR03129	29	53	7	18	51	12
TIGR02544	74	53	3	140	448	153
TIGR03127	199	162	20	232	591	239
TIGR00612	245	283	18	356	1261	450
TIGR00613	119	99	7	256	912	319
TIGR00611	284	287	22	424	1569	552
TIGR00616	156	195	4	24	177	36
TIGR02546	2418	2372	417	2649	7373	3303
TIGR00614	550	460	34	696	2380	821
TIGR00615	127	166	13	288	860	320
TIGR02466	9	12	19	4	12	2
TIGR00618	353	325	9	450	1279	645
TIGR00619	279	247	4	473	1399	597
TIGR02463	52	20	0	2	2	6
TIGR02461	52	20	0	2	2	6
TIGR03503	17	22	0	36	182	21
TIGR03502	38	29	2	54	214	22
TIGR00718	0	3	0	5	57	12
TIGR03231	3	5	2	27	62	20
TIGR03232	6	8	2	34	87	43
TIGR03235	676	559	33	851	2390	829
TIGR03239	118	78	11	148	310	117
TIGR00906	304	288	9	425	1218	446
TIGR00904	195571	139377	79417	295155	400702	157477
TIGR00902	293	278	9	411	1409	528
TIGR00900	234	189	4	297	1048	310
TIGR00901	236	202	7	314	1084	351
TIGR00908	109	90	7	182	561	156
TIGR00909	463	431	21	667	1933	689
TIGR01749	231	187	0	224	640	320
TIGR02057	248	188	1	224	738	253
TIGR02055	207	136	1	184	614	216
TIGR01747	127	94	6	157	513	240
TIGR02053	2557	2197	107	3213	10670	3946
TIGR01745	104	62	13	125	437	190
TIGR02051	136	169	0	175	748	207
TIGR01989	3119	4405	1802	3404	13855	3157
TIGR01988	3279	4548	1817	3686	14878	3508
TIGR02298	24	25	0	7	33	4
TIGR02299	3499	3429	233	4164	14280	5149
TIGR01981	63	67	6	73	237	67
TIGR01980	139	122	12	142	374	121
TIGR01983	331	246	15	446	1626	558
TIGR01982	412	323	19	619	2024	691
TIGR02290	211	187	12	269	822	359
TIGR02291	127	116	7	117	380	109
TIGR02292	77	68	5	132	440	146
TIGR03835	170	185	13	255	886	289
TIGR00839	165	151	21	241	923	282
TIGR03833	0	0	0	6	27	12
TIGR03832	58	60	0	59	229	86
TIGR03830	0	2	0	20	12	4
TIGR00832	62	64	2	100	166	142
TIGR00833	526	449	27	512	1738	663
TIGR00830	45	18	0	0	6	2
TIGR00831	132	109	10	156	533	216
TIGR00836	1380	1262	128	1928	6337	2007
TIGR03838	649	659	58	980	3426	1205
TIGR01404	267	268	8	459	1490	599
TIGR01405	569	517	17	460	1601	767
TIGR01406	550	466	22	479	1560	769
TIGR01407	760	710	37	923	2991	1238
TIGR01400	287	201	10	376	1502	438
TIGR01401	97	90	8	98	457	135
TIGR01402	100	74	2	76	226	97
TIGR01403	90	55	2	68	216	90
TIGR01408	72	84	2	132	567	175
TIGR03198	1	2	0	2	40	9
TIGR02180	50	60	5	80	145	83
TIGR02181	65	67	3	88	250	70
TIGR02188	4406	3952	397	5572	18509	7212
TIGR03902	29	45	10	30	217	34
TIGR03900	414	448	17	692	2298	853
TIGR03904	822	762	64	1047	3436	1377
TIGR00168	124	139	13	156	345	148
TIGR00169	360	338	14	519	1760	619
TIGR00160	41	40	6	6	30	10
TIGR00163	226	198	11	311	1111	383
TIGR00165	56	47	7	72	263	132
TIGR00166	122	130	9	126	471	211
TIGR00167	265	281	22	233	917	270
TIGR01578	875	762	67	1190	3960	1330
TIGR01579	813	727	65	1106	3772	1191
TIGR01574	951	838	104	1345	4514	1505
TIGR01575	124	118	0	178	589	191
TIGR02988	11	13	3	10	41	14
TIGR02989	330	278	14	442	1211	493
TIGR02980	1560	1461	365	1768	5793	2158
TIGR02982	4940	4488	327	6080	21308	7555
TIGR02983	255	263	14	268	1118	375
TIGR02984	286	247	7	410	1239	488
TIGR02985	741	604	30	611	2163	777
TIGR04340	14	16	2	3	14	4
TIGR00296	2	4	0	18	62	18
TIGR00294	0	0	0	15	51	8
TIGR04047	357	334	18	452	2405	658
TIGR04046	73	66	9	77	224	90
TIGR04041	0	0	0	19	35	15
TIGR04049	2	5	0	17	125	21
TIGR04048	12	49	0	15	42	14
TIGR02875	1971	1767	116	2410	8269	2533
TIGR02877	257	237	20	229	563	354
TIGR02872	350	259	9	515	1894	594
TIGR02873	28	32	5	19	53	24
TIGR02724	279	238	22	301	1059	389
TIGR02726	73	83	1	106	303	105
TIGR02727	127	71	0	185	709	237
TIGR02720	567	561	45	816	2899	933
TIGR02721	298	181	11	384	1242	568
TIGR02722	2	3	0	6	18	16
TIGR02723	184	170	19	201	665	240
TIGR04343	132	141	8	208	581	178
TIGR02729	676	639	41	894	3048	1122
TIGR00580	1330	1152	111	1698	5803	2154
TIGR00581	55	70	2	112	367	85
TIGR00586	117	95	8	124	503	173
TIGR03481	27	40	0	4	123	29
TIGR00585	376	289	13	463	1763	744
TIGR01170	222	129	10	273	941	388
TIGR00589	61	73	3	88	319	109
TIGR01192	1656	1551	107	1983	7247	2562
TIGR01193	3603	3154	211	4306	15537	5467
TIGR00342	227	171	12	161	645	268
TIGR01191	65	33	0	65	88	30
TIGR00344	1341	1004	99	1532	5342	2209
TIGR01194	599	581	34	606	2411	775
TIGR00347	158	115	20	301	742	293
TIGR00348	1	2	1	38	83	8
TIGR01350	2688	2380	111	3363	11206	4149
TIGR01351	234	183	17	263	760	361
TIGR01352	290	249	15	256	844	331
TIGR01353	8	14	1	26	82	28
TIGR01354	0	0	0	7	37	3
TIGR01356	621	576	17	847	2838	1028
TIGR01357	282	220	7	470	1484	432
TIGR01358	3	0	2	2	23	10
TIGR01359	152	134	12	171	511	238
TIGR02618	18	16	0	20	75	20
TIGR02612	14	14	0	63	159	56
TIGR02613	13	14	0	53	156	58
TIGR02614	517	521	26	863	2850	932
TIGR02615	449	452	24	794	2638	865
TIGR02617	18	16	0	20	75	20
TIGR04133	52	57	2	63	258	46
TIGR02748	364	351	20	664	2133	680
TIGR04131	25	28	2	54	90	34
TIGR04130	7	9	0	129	514	82
TIGR03610	122	131	1	201	762	249
TIGR03589	7	11	0	135	584	92
TIGR03588	31	17	0	113	511	70
TIGR03586	2	0	0	37	106	34
TIGR03585	0	2	0	4	22	14
TIGR02909	3	9	2	24	119	13
TIGR00075	0	2	0	168	883	224
TIGR04262	95	78	7	87	692	132
TIGR00753	96	137	4	119	786	190
TIGR00750	41	28	0	94	241	134
TIGR00757	877	758	59	1383	4492	1596
TIGR00755	160	219	3	315	1071	314
TIGR00754	63	58	4	7	73	42
TIGR02504	472	486	29	519	1948	816
TIGR02505	485	335	10	271	462	363
TIGR00759	2210	1777	139	2531	8003	3002
TIGR03056	0	2	0	55	194	43
TIGR03598	292	230	18	297	1154	446
TIGR01974	268	362	46	718	1069	290
TIGR01975	12	28	0	14	71	17
TIGR01976	384	352	12	577	1645	550
TIGR01977	465	422	15	672	1936	643
TIGR01970	633	524	20	650	1952	752
TIGR01972	246	387	95	395	740	252
TIGR01973	505	461	37	586	1665	583
TIGR01978	1591	1471	111	1849	6995	2485
TIGR01979	691	591	36	863	2643	843
TIGR03138	378	289	14	496	1712	620
TIGR03139	121	78	7	131	433	178
TIGR03136	806	542	29	803	2468	941
TIGR03137	157	122	6	175	577	144
TIGR03131	517	494	18	712	2412	879
TIGR02470	1	0	1	8	176	16
TIGR01130	331	322	16	494	1536	456
TIGR02472	35	24	4	9	44	22
TIGR00624	225	211	12	339	1261	504
TIGR02474	340	146	18	5	6	76
TIGR02475	3	27	1	5	10	16
TIGR00621	1607	1076	71	821	2074	975
TIGR02478	24	32	1	82	148	47
TIGR02479	1417	1316	339	1554	4864	1823
TIGR00628	331	211	20	371	946	397
TIGR03222	98	110	9	170	662	244
TIGR03220	16	24	3	86	338	73
TIGR00938	248	291	22	453	1547	542
TIGR03226	85	87	0	129	453	166
TIGR03224	30	26	2	58	230	47
TIGR02259	0	0	0	13	77	29
TIGR00933	454	407	31	736	2521	880
TIGR00932	326	361	9	302	1193	448
TIGR03228	246	196	20	516	1672	519
TIGR03229	260	216	24	522	1701	531
TIGR00936	407	400	49	519	1675	710
TIGR01784	0	0	0	59	245	20
TIGR02157	7	18	0	6	20	16
TIGR02063	1067	844	77	1287	4308	1652
TIGR02062	435	340	40	508	1720	570
TIGR02061	2	2	1	167	505	88
TIGR02060	0	0	0	11	31	0
TIGR02067	368	231	11	401	1549	525
TIGR01759	281	279	21	398	1219	454
TIGR02065	462	382	51	692	2323	857
TIGR02064	26	25	2	67	303	79
TIGR01755	19	18	0	9	40	24
TIGR02069	0	0	0	14	40	16
TIGR02068	109	83	7	56	149	42
TIGR01750	52	76	3	78	263	108
TIGR01751	589	464	43	852	2606	1001
TIGR01752	264	170	9	167	724	298
TIGR01753	72	58	2	47	117	25
TIGR02261	0	0	0	8	47	22
TIGR01998	38	18	0	0	4	4
TIGR02262	4061	3657	307	5033	17374	6616
TIGR02266	9	20	0	10	52	25
TIGR03820	346	339	11	492	1863	582
TIGR03821	339	340	12	493	1866	585
TIGR03822	329	320	10	479	1815	547
TIGR01991	1660	1519	145	2107	6794	2866
TIGR03824	83	72	2	71	196	81
TIGR01997	199	183	23	290	1013	374
TIGR01994	4	2	0	23	74	23
TIGR03827	0	0	0	23	82	4
TIGR00809	84	85	4	57	368	120
TIGR00804	3	2	0	280	177	81
TIGR00801	49	72	8	33	75	15
TIGR00800	1	2	4	12	42	8
TIGR03301	26	55	2	69	251	44
TIGR03872	56	35	0	84	337	103
TIGR03918	444	443	14	851	2418	899
TIGR03910	30	25	3	29	153	29
TIGR03913	52	57	2	48	194	42
TIGR04274	0	0	0	15	2	5
TIGR00119	135	125	7	144	608	234
TIGR00118	830	777	63	1267	4457	1456
TIGR00115	170	147	6	97	358	150
TIGR00114	165	165	10	255	836	277
TIGR00117	493	536	35	689	2250	868
TIGR00116	283	209	19	296	1022	330
TIGR00110	560	577	51	686	2222	856
TIGR00113	172	175	11	222	755	283
TIGR00112	184	195	4	278	1158	365
TIGR01509	65	50	3	91	624	156
TIGR01508	219	241	9	400	1253	340
TIGR01505	347	328	17	534	1893	578
TIGR01504	658	617	54	902	3456	1016
TIGR01501	0	0	0	4	41	16
TIGR01500	832	711	23	928	3283	1211
TIGR01503	4	2	2	25	170	38
TIGR04271	127	118	2	111	411	148
TIGR00040	0	0	0	4	41	14
TIGR02089	311	280	15	470	1545	517
TIGR02088	323	302	15	524	1649	546
TIGR02081	220	233	5	275	991	416
TIGR02080	735	513	57	935	2716	1045
TIGR02083	704	549	38	882	2627	1177
TIGR02082	1049	903	62	1293	4131	1644
TIGR02085	189	98	1	248	1099	358
TIGR02084	96	94	5	135	335	169
TIGR02087	93	94	5	133	332	168
TIGR02086	620	568	40	816	2425	1074
TIGR00281	0	0	0	34	89	9
TIGR00871	62	74	3	82	200	36
TIGR04054	51	54	2	82	325	69
TIGR04055	227	196	5	277	1041	321
TIGR04056	44	44	8	127	616	112
TIGR04057	0	2	0	5	26	3
TIGR00021	186	153	9	320	1083	350
TIGR00020	566	556	53	683	2676	872
TIGR00023	7	24	1	22	150	33
TIGR00027	0	0	0	14	12	4
TIGR00026	205	190	8	210	627	316
TIGR00029	87	58	11	99	269	69
TIGR01211	0	0	0	0	22	9
TIGR01212	0	0	0	15	42	12
TIGR01215	12	10	1	13	42	13
TIGR01214	253	219	7	435	1219	415
TIGR01217	2330	2085	248	3007	9998	3788
TIGR01216	198	193	6	255	877	290
TIGR02883	98	90	10	117	535	180
TIGR02882	1465	1218	383	1191	3564	1478
TIGR02885	1071	1041	355	1167	3544	1330
TIGR02884	29	33	5	20	55	24
TIGR00337	877	799	96	992	3385	1234
TIGR00336	195	208	7	269	1047	396
TIGR00331	0	0	0	43	34	6
TIGR00330	30	7	0	0	0	7
TIGR00332	0	0	0	16	62	5
TIGR00339	359	278	10	379	1628	571
TIGR00338	357	243	21	476	1754	613
TIGR01325	721	485	52	948	2655	1033
TIGR01324	668	445	49	808	2426	915
TIGR01327	1405	1142	56	2055	6891	2496
TIGR01326	550	461	41	780	2118	789
TIGR03550	184	133	1	198	722	416
TIGR01329	683	472	50	850	2546	952
TIGR01328	746	522	53	975	2715	1066
TIGR02668	296	258	7	371	1377	471
TIGR02665	4	1	0	40	130	20
TIGR02667	80	121	5	151	484	155
TIGR02666	358	299	13	464	1619	584
TIGR02660	482	406	23	843	2409	892
TIGR04121	270	248	15	306	1035	441
TIGR04127	0	0	0	20	24	4
TIGR00249	96	103	2	142	580	159
TIGR03591	1277	1170	90	1241	4338	1896
TIGR03592	342	292	14	433	1735	506
TIGR03593	333	235	10	360	1833	517
TIGR03594	961	952	44	1415	4739	1659
TIGR03596	580	573	22	895	3039	1119
TIGR03597	12	32	2	20	89	26
TIGR00241	0	0	0	17	104	29
TIGR00243	217	193	13	350	1144	375
TIGR00242	103	107	8	171	531	182
TIGR00245	68	87	7	96	404	118
TIGR00244	35	19	0	34	120	29
TIGR00247	308	208	14	486	1688	581
TIGR00246	95	69	9	120	403	112
TIGR01039	1911	1864	262	2210	6223	2770
TIGR01038	87	118	0	95	231	49
TIGR01031	72	91	9	63	171	92
TIGR01030	88	94	15	177	555	232
TIGR01033	423	338	25	525	1918	629
TIGR01032	148	144	11	193	520	182
TIGR01035	218	153	12	341	1179	372
TIGR01034	514	426	41	596	1692	650
TIGR01037	27	37	1	70	189	48
TIGR01036	127	144	4	206	702	253
TIGR00744	9	10	0	10	66	6
TIGR00745	23	22	0	148	431	81
TIGR00747	470	401	23	689	2355	711
TIGR00740	70	71	6	40	194	52
TIGR00741	148	205	9	231	713	309
TIGR00742	692	653	35	998	3702	1193
TIGR00748	387	330	18	404	1504	631
TIGR00749	137	137	4	57	256	50
TIGR02296	173	134	15	205	875	286
TIGR01710	27	10	1	71	306	80
TIGR01711	31	34	0	8	18	11
TIGR00639	293	247	9	349	1241	464
TIGR02024	3	5	0	23	57	11
TIGR03105	334	311	14	399	1243	559
TIGR03104	826	796	27	1151	3848	1449
TIGR00630	1766	1458	134	2061	6826	2493
TIGR00631	920	917	80	1159	3837	1543
TIGR03109	209	254	9	297	969	464
TIGR00633	538	530	36	812	2760	1060
TIGR00634	640	616	18	1076	3141	1044
TIGR00635	173	118	23	158	720	212
TIGR00636	0	1	1	39	78	17
TIGR00637	0	0	0	0	5	1
TIGR02405	209	163	1	22	110	49
TIGR02404	6	13	0	7	38	7
TIGR02407	734	651	36	1063	4101	1257
TIGR02406	0	0	0	6	28	10
TIGR02401	51	67	0	10	50	28
TIGR02403	144	136	3	22	79	47
TIGR02402	78	54	1	31	155	41
TIGR02408	4	0	0	4	43	10
TIGR01699	85	52	1	191	699	252
TIGR01698	135	80	1	209	808	275
TIGR01695	528	429	28	773	2403	979
TIGR01694	175	88	1	224	800	301
TIGR01697	135	80	1	209	802	275
TIGR01690	38	45	0	18	38	30
TIGR01693	794	655	21	1032	3424	1283
TIGR01692	368	347	17	551	1948	661
TIGR01656	41	37	4	115	184	70
TIGR03217	141	118	5	366	1250	366
TIGR03216	3173	3121	216	3675	12546	4522
TIGR03215	24	30	22	121	283	74
TIGR03108	1433	1438	87	2080	6871	2540
TIGR00928	489	468	33	617	1862	675
TIGR03211	27	16	0	36	65	27
TIGR03210	2862	2279	172	3689	12660	4415
TIGR02311	118	78	11	148	310	117
TIGR02313	295	334	12	552	2015	564
TIGR02312	16	22	2	72	272	56
TIGR00920	2	7	0	20	51	23
TIGR02314	4165	3739	295	5188	18351	6459
TIGR02317	402	476	43	574	1589	650
TIGR02316	2730	2406	264	3597	12047	4472
TIGR02074	912	839	38	1401	4727	1510
TIGR02075	428	389	9	536	1631	600
TIGR02076	220	200	5	334	1093	368
TIGR02070	149	165	6	202	678	220
TIGR02071	913	835	31	1329	4653	1454
TIGR02072	809	636	26	680	2267	904
TIGR02073	622	635	22	867	3015	1036
TIGR02078	394	378	12	453	1710	501
TIGR02079	642	430	42	678	2518	921
TIGR02273	300	268	23	422	1325	457
TIGR03859	24	17	2	16	122	16
TIGR03858	1723	1417	78	2092	5443	2682
TIGR02274	95	62	11	132	556	162
TIGR02275	2879	2558	189	3420	12124	4578
TIGR03854	765	651	33	1129	3056	1388
TIGR02278	1794	1555	117	1781	6588	2491
TIGR02279	253	292	2	317	1026	335
TIGR03852	52	40	2	25	46	20
TIGR00810	122	108	2	151	531	156
TIGR02562	31	34	3	27	258	84
TIGR00813	899	726	42	886	2580	1149
TIGR00815	456	522	19	852	3211	1053
TIGR02563	15	16	2	19	109	21
TIGR00819	37	41	0	48	157	33
TIGR02294	210	147	2	174	543	269
TIGR04009	2	3	0	18	135	33
TIGR00109	402	293	9	548	1890	626
TIGR00106	48	37	5	35	151	63
TIGR00104	22	16	2	18	63	11
TIGR00105	71	30	8	63	189	58
TIGR00103	153	157	12	151	513	164
TIGR00100	0	0	0	8	24	7
TIGR02476	66	60	2	24	76	47
TIGR01517	420	399	19	765	2830	851
TIGR01515	54	39	4	42	250	36
TIGR01512	429	400	12	620	2071	644
TIGR01510	164	101	10	141	704	182
TIGR01511	440	410	19	594	1955	584
TIGR03480	50	38	0	139	332	140
TIGR01186	4810	4557	325	6043	21438	7544
TIGR01189	3303	2922	254	4129	14629	5111
TIGR02099	839	708	26	1360	4810	1578
TIGR02092	4	40	0	17	230	8
TIGR02093	28	24	0	13	59	9
TIGR02090	462	391	23	814	2371	858
TIGR02091	44	66	41	28	269	22
TIGR02097	287	247	20	438	1131	544
TIGR02094	22	44	0	71	481	36
TIGR02095	76	69	1	44	571	55
TIGR04028	41	47	0	13	40	5
TIGR04025	209	227	22	247	1036	319
TIGR04024	1803	1495	80	2426	6950	3000
TIGR04027	2151	1737	115	2664	7590	3352
TIGR04021	586	463	20	794	2392	1001
TIGR04020	2206	1762	112	2608	7284	3452
TIGR04022	988	679	52	914	3211	1339
TIGR00032	368	323	25	543	1829	678
TIGR00033	157	148	3	127	323	145
TIGR00030	84	79	0	51	276	114
TIGR00031	0	0	0	25	9	6
TIGR00036	203	133	14	340	1024	268
TIGR00034	481	470	19	625	2398	724
TIGR00035	0	0	0	20	73	14
TIGR00038	595	582	57	637	2088	833
TIGR00039	117	98	12	137	454	172
TIGR01202	33	62	0	22	62	24
TIGR01203	21	47	4	64	193	73
TIGR01200	2	2	4	11	84	11
TIGR01201	0	0	0	15	73	4
TIGR01207	597	443	49	972	2749	910
TIGR01205	308	256	6	381	1359	467
TIGR01208	904	735	38	1349	3859	1416
TIGR02890	44	27	0	43	92	17
TIGR02891	1602	1287	515	1283	3785	1512
TIGR02897	711	569	46	932	2958	1023
TIGR02899	6	9	0	10	24	2
TIGR03692	196	153	20	234	701	283
TIGR03696	15	19	2	114	191	98
TIGR03695	165	143	3	248	830	265
TIGR03694	179	238	6	277	1128	367
TIGR03699	144	101	9	253	655	195
TIGR03451	2632	1885	166	3000	9535	3716
TIGR03453	409	342	16	488	1678	584
TIGR03452	1937	1638	93	2515	8271	3141
TIGR04335	2	4	0	22	81	21
TIGR03454	111	126	8	212	921	238
TIGR03457	691	679	60	1061	3920	1177
TIGR03458	17	9	0	25	87	29
TIGR00326	345	386	15	663	2440	651
TIGR00325	567	496	38	690	2065	831
TIGR00320	0	0	0	2	7	2
TIGR00328	274	269	8	492	1584	615
TIGR00329	580	579	17	587	2052	850
TIGR01334	229	165	8	288	1385	486
TIGR01330	2	2	0	18	42	3
TIGR01331	282	193	7	263	877	281
TIGR02675	380	169	10	198	335	251
TIGR02673	5490	5039	403	6936	23853	8380
TIGR04157	221	219	14	337	1848	373
TIGR04151	70	91	1	42	171	106
TIGR04152	127	160	5	164	552	276
TIGR00360	129	134	13	251	1046	333
TIGR03355	201	205	13	99	363	150
TIGR00252	65	46	3	53	185	66
TIGR00253	97	41	0	98	424	180
TIGR00250	75	118	1	196	715	162
TIGR00251	46	32	0	59	294	70
TIGR00256	99	66	6	109	288	82
TIGR00257	17	35	0	26	94	32
TIGR00254	3269	3096	138	4009	15360	4781
TIGR00255	371	305	17	608	2001	754
TIGR01028	157	132	11	177	576	195
TIGR01029	188337	131539	74965	286276	386493	152692
TIGR01022	59	58	3	65	254	89
TIGR01023	105	93	7	183	538	208
TIGR01020	167	127	6	213	541	185
TIGR01021	177	158	8	228	606	218
TIGR01026	2473	2407	433	2704	7418	3297
TIGR01027	419	370	14	575	1832	592
TIGR01024	177	196	15	154	580	220
TIGR01025	21	11	11	63	159	77
TIGR02319	280	287	30	393	1197	458
TIGR03079	152	149	5	421	1334	463
TIGR03078	145	126	5	70	310	131
TIGR03073	283	397	34	103	192	141
TIGR03213	39	57	3	54	138	63
TIGR03981	89	53	0	214	488	195
TIGR03077	84	110	5	85	574	149
TIGR03075	300	258	19	434	1363	433
TIGR03074	24	27	3	63	205	51
TIGR03670	334	248	46	290	767	379
TIGR03673	458	329	20	504	1602	525
TIGR03675	184	169	2	451	1314	487
TIGR03676	0	236	0	0	0	0
TIGR00924	491	443	17	722	2515	923
TIGR00367	183	156	19	218	701	252
TIGR00926	90	81	3	129	436	179
TIGR04003	0	0	0	19	35	15
TIGR02315	5151	4739	347	6513	22465	7995
TIGR02847	4	0	0	10	4	16
TIGR00921	1791	1531	86	2113	7035	2511
TIGR03734	135	149	8	215	944	270
TIGR02846	640	597	67	748	2584	964
TIGR00649	0	1	0	4	10	13
TIGR00889	0	0	0	35	143	32
TIGR03113	67	88	1	42	157	106
TIGR00645	209	217	6	342	1090	444
TIGR00644	305	332	3	369	1528	423
TIGR03218	16	22	2	72	273	56
TIGR00641	40	37	0	77	230	130
TIGR00640	54	43	0	118	241	156
TIGR00643	1211	909	105	1331	4840	1796
TIGR00642	40	37	0	75	203	130
TIGR02416	15	16	0	5	18	5
TIGR02417	238	205	5	57	178	67
TIGR02414	1074	847	56	1174	4151	1658
TIGR02415	8916	7587	421	11207	39792	14594
TIGR02412	276	197	10	231	696	282
TIGR00395	243	185	25	346	1049	382
TIGR02411	234	213	9	220	686	274
TIGR00483	2760	2717	475	2664	7639	3529
TIGR00482	41	36	0	115	364	84
TIGR00487	1740	1668	299	2131	7067	2696
TIGR00486	24	44	6	30	160	37
TIGR02418	678	660	47	1038	3795	1166
TIGR00484	193559	135679	75984	292536	403797	158290
TIGR02920	457	433	51	616	2010	597
TIGR00013	72	74	0	29	89	57
TIGR01686	0	0	0	8	28	2
TIGR01682	41	56	0	73	256	82
TIGR03637	64	51	6	35	101	75
TIGR01681	0	0	0	7	24	2
TIGR03208	4162	3718	321	4944	16877	6473
TIGR03636	14	32	2	28	93	17
TIGR00016	41	106	3	79	538	41
TIGR03200	1363	1041	75	1792	5769	2136
TIGR03201	1317	1068	98	1407	4759	1705
TIGR03203	4879	3838	271	5361	17759	7136
TIGR03204	6836	5460	384	7555	24917	9873
TIGR03205	3319	3049	264	4020	14321	5377
TIGR03206	8621	7409	402	10836	38510	14159
TIGR03207	10649	8266	562	11971	38353	15352
TIGR01383	19	39	0	42	78	39
TIGR01382	0	2	0	43	36	12
TIGR02303	347	432	20	508	1874	773
TIGR02307	29	31	2	35	28	24
TIGR02305	157	170	14	199	713	310
TIGR00152	102	132	3	135	419	169
TIGR00797	628	658	26	974	3345	1116
TIGR00155	263	208	20	166	922	242
TIGR00795	33	63	2	26	58	31
TIGR00792	147	113	2	26	109	44
TIGR00154	150	93	5	195	739	227
TIGR00157	73	62	4	48	188	76
TIGR02247	176	128	7	177	809	288
TIGR02691	0	0	0	11	56	3
TIGR03848	267	223	11	236	932	374
TIGR03844	0	2	0	6	89	22
TIGR03842	74	47	6	130	818	133
TIGR02249	1101	1057	467	976	3221	1071
TIGR03841	1156	956	57	1426	4396	1757
TIGR00861	246	175	9	328	1118	394
TIGR00860	12	12	28	2	4	0
TIGR00133	475	489	30	657	2136	807
TIGR00132	299	277	32	443	1414	509
TIGR00137	177	146	4	214	770	243
TIGR00136	1073	890	49	1327	4931	1503
TIGR00135	19	13	0	13	76	27
TIGR00134	338	355	14	399	1304	517
TIGR00139	569	426	23	674	2009	861
TIGR00138	235	169	7	291	988	420
TIGR01523	197	178	8	389	1403	427
TIGR01522	399	409	16	736	2765	797
TIGR01521	188	219	20	207	817	228
TIGR01520	88	71	4	30	116	45
TIGR01527	0	2	0	15	38	33
TIGR01526	2	4	0	15	47	11
TIGR01525	529	525	21	822	2875	895
TIGR01524	298	299	15	654	2435	694
TIGR01529	35	66	2	27	72	24
TIGR01528	7	10	0	16	110	28
TIGR01661	17	33	0	27	96	27
TIGR02939	416	373	26	494	1295	571
TIGR02938	1526	1258	75	2003	7558	2442
TIGR04039	249	160	4	329	1232	431
TIGR04036	1467	1202	69	1946	5158	2462
TIGR02933	150	131	9	365	1432	428
TIGR02932	0	2	0	30	97	12
TIGR02937	2189	1941	334	2217	7406	2725
TIGR00007	378	276	9	506	1331	548
TIGR00006	353	263	11	554	1527	613
TIGR00005	1380	1075	66	1710	5755	2024
TIGR00004	163	191	0	218	865	282
TIGR00002	72	43	8	117	385	105
TIGR00001	125	143	17	126	369	147
TIGR02276	2	7	0	15	46	4
TIGR00009	33	42	2	59	143	63
TIGR00008	97	83	4	107	331	121
TIGR01237	2945	2967	216	3454	11846	4225
TIGR01236	2206	2107	149	2454	8554	3121
TIGR01235	1158	1114	74	1369	4763	1814
TIGR01233	242	151	4	33	85	42
TIGR01230	70	81	4	50	125	61
TIGR01238	2208	2185	143	2546	8732	3055
TIGR03857	795	623	34	1040	3331	1402
TIGR03856	243	188	17	344	1318	418
TIGR03680	1521	1470	324	1257	3440	1753
TIGR03683	673	480	51	848	2890	1203
TIGR03689	489	445	56	708	2292	789
TIGR04322	97	103	6	163	560	155
TIGR03443	147	200	9	434	1923	582
TIGR03440	1	0	0	54	203	40
TIGR03441	40	60	0	19	52	15
TIGR03447	388	374	37	584	1752	669
TIGR03444	5	5	0	8	44	22
TIGR02512	0	2	0	20	46	10
TIGR00313	100	85	4	83	349	121
TIGR03449	392	335	25	473	2407	620
TIGR00316	2	0	1	66	248	55
TIGR00314	0	0	0	3	18	11
TIGR01308	35	21	0	25	100	27
TIGR01303	454	332	23	600	1910	696
TIGR01302	534	407	24	732	2320	860
TIGR01301	28	12	4	8	26	7
TIGR01300	18	20	0	10	39	14
TIGR01307	281	267	24	320	1389	375
TIGR01306	308	235	20	392	1262	458
TIGR01305	294	219	20	380	1210	428
TIGR00763	642	685	140	933	3146	1032
TIGR02643	6	2	0	14	118	21
TIGR02647	88	43	2	95	295	126
TIGR02645	91	72	2	177	586	169
TIGR02644	6	2	0	14	117	21
TIGR02692	213	219	5	275	1059	357
TIGR03573	58	42	0	0	4	9
TIGR00444	338	255	8	518	1597	566
TIGR04250	50	57	2	49	198	42
TIGR04251	48	50	2	48	167	47
TIGR00441	91	74	0	28	157	31
TIGR00266	0	0	0	17	89	19
TIGR00263	369	309	14	431	1468	550
TIGR00262	39	44	4	104	423	130
TIGR00261	0	0	0	6	59	6
TIGR00260	411	356	23	548	2097	752
TIGR01019	472	497	34	633	2069	890
TIGR01017	406	322	44	399	1209	488
TIGR01016	497	497	28	557	1891	722
TIGR01012	91	64	6	86	293	116
TIGR01011	456	379	33	516	1641	624
TIGR04312	232	66	9	11	73	22
TIGR04311	181	141	1	196	796	262
TIGR03747	26	47	0	17	10	23
TIGR02795	20	19	0	48	303	89
TIGR02794	111	90	0	62	141	62
TIGR02797	527	436	21	571	2199	716
TIGR02796	567	478	25	626	2411	789
TIGR02790	377	311	25	478	1535	578
TIGR03660	0	0	0	15	26	13
TIGR02799	95	74	7	111	385	122
TIGR03664	19	36	2	16	51	22
TIGR02429	107	129	7	166	495	225
TIGR02428	125	150	12	295	904	316
TIGR00658	258	288	20	369	1443	540
TIGR00659	86	94	4	172	664	162
TIGR00656	622	581	20	723	2574	786
TIGR00657	643	604	23	762	2711	841
TIGR00654	282	279	4	381	1224	406
TIGR00655	430	439	20	418	1603	559
TIGR02427	231	221	9	403	1376	443
TIGR00653	474	469	44	661	2036	834
TIGR02425	279	178	4	254	869	415
TIGR02424	928	927	34	1043	3107	1262
TIGR00498	359	260	14	385	1805	619
TIGR00499	1370	1184	118	1597	5000	2138
TIGR00494	82	66	4	107	431	184
TIGR00496	155	113	7	189	597	191
TIGR00497	32	18	2	48	384	60
TIGR00490	2253	2230	400	2845	8881	3475
TIGR00491	232	164	13	305	1216	394
TIGR00492	374	396	27	488	1790	605
TIGR00493	397	203	24	414	1385	514
TIGR01962	211	144	98	152	499	124
TIGR01831	7326	6197	344	9007	32043	11869
TIGR01830	10496	8918	484	12985	45728	16967
TIGR01832	8930	7572	412	11067	39407	14571
TIGR01835	30	33	0	2	6	4
TIGR01837	23	43	1	20	133	44
TIGR01836	451	388	11	1001	3336	1426
TIGR01839	75	73	0	171	430	194
TIGR01838	286	285	5	691	2086	887
TIGR03748	43	34	2	12	54	17
TIGR02339	116	119	20	109	330	166
TIGR02337	159	166	3	87	544	126
TIGR02334	46	42	3	82	313	113
TIGR02333	1192	1062	70	1419	4244	1753
TIGR02332	6	1	0	13	24	12
TIGR02330	26	53	1	8	35	16
TIGR00780	803	724	56	883	2991	1098
TIGR00781	133	111	5	203	656	258
TIGR00782	158	113	4	241	1002	240
TIGR00785	219	192	8	385	1298	423
TIGR00786	292	308	22	387	1220	450
TIGR00787	8	10	7	4	4	8
TIGR00789	118	112	0	236	685	292
TIGR02003	38	16	0	0	4	4
TIGR02258	77	88	10	26	79	30
TIGR01786	1440	1334	45	1464	6363	2104
TIGR01785	1783	1645	77	2067	8879	2717
TIGR02002	38	18	0	0	4	4
TIGR01783	2721	2517	126	2227	9607	3373
TIGR01782	843	1040	28	321	1170	356
TIGR01780	2988	2953	203	3432	11733	4241
TIGR02252	6	0	0	2	32	19
TIGR02253	386	273	14	561	2099	713
TIGR02257	233	269	16	153	909	164
TIGR03873	5376	4841	398	6846	23471	8558
TIGR03300	186	211	2	238	1012	248
TIGR03303	972	813	30	1391	5445	1952
TIGR03302	99	127	7	164	464	190
TIGR03305	1806	1738	243	2048	5785	2569
TIGR03306	237	212	23	296	699	308
TIGR03308	27	22	0	12	49	19
TIGR00876	27	57	0	41	269	23
TIGR00877	296	227	14	345	1320	457
TIGR00874	264	243	14	438	1500	615
TIGR00875	134	116	6	278	872	323
TIGR00872	143	152	8	191	626	206
TIGR00873	99	107	4	30	104	16
TIGR02008	8	15	0	35	128	17
TIGR03240	2764	2724	203	3086	10426	3779
TIGR00878	349	302	18	394	1604	544
TIGR00879	29	24	2	59	171	33
TIGR03899	4	2	0	22	82	9
TIGR03890	79	55	6	118	498	140
TIGR03895	28	27	1	114	267	81
TIGR03896	27	22	0	48	108	98
TIGR01652	36	65	2	126	387	142
TIGR01657	104	112	9	186	767	222
TIGR00990	12	19	0	67	570	91
TIGR04171	9	12	1	13	156	25
TIGR00125	88	56	7	128	493	166
TIGR00127	3	11	0	17	29	17
TIGR00120	271	317	34	429	1502	576
TIGR00121	205	177	8	399	1164	331
TIGR00122	50	45	0	104	378	112
TIGR00128	508	482	18	687	2345	857
TIGR00129	151	163	6	113	485	197
TIGR01534	1086	933	58	1437	4743	1777
TIGR01535	72	57	0	2	12	23
TIGR01536	1399	1494	92	2098	7066	2563
TIGR01537	866	479	46	422	308	471
TIGR01530	48	25	0	4	46	20
TIGR01532	1028	881	53	1353	4475	1648
TIGR01539	1664	1113	43	1837	2531	1508
TIGR02469	0	0	0	6	34	9
TIGR00018	462	366	31	661	2486	996
TIGR00019	702	656	50	768	3189	1011
TIGR04001	4	4	2	6	16	11
TIGR02464	6	3	2	2	18	15
TIGR04005	150	112	9	96	711	145
TIGR00010	342	300	25	370	1151	445
TIGR02923	0	0	0	26	4	12
TIGR00012	75	108	6	164	462	167
TIGR04008	26	21	0	12	47	18
TIGR00014	135	72	2	94	389	170
TIGR02927	862	757	44	968	3935	1263
TIGR02924	186	154	8	216	611	196
TIGR00017	148	160	10	332	988	388
TIGR01228	61	97	7	17	64	36
TIGR01229	71	87	4	62	144	67
TIGR01221	144	120	2	165	587	213
TIGR01222	48	67	9	21	157	35
TIGR01224	206	127	3	256	963	312
TIGR01225	68	90	0	134	535	147
TIGR01226	41	65	0	110	434	107
TIGR01227	63	63	4	20	88	43
TIGR04317	191	153	3	220	972	275
TIGR04316	8392	7275	382	10573	37729	13790
TIGR03472	42	55	6	12	102	48
TIGR03471	0	0	0	21	124	17
TIGR03470	54	56	2	25	82	26
TIGR00305	27	29	0	23	76	42
TIGR00306	0	0	0	20	62	6
TIGR02547	0	0	0	0	23	2
TIGR03479	354	322	18	474	1655	575
TIGR03478	139	125	19	292	810	295
TIGR01318	896	801	74	1077	3849	1368
TIGR01314	30	15	0	4	62	32
TIGR01316	1011	934	82	1323	4526	1681
TIGR01317	738	705	63	986	3463	1181
TIGR01311	107	76	10	45	186	90
TIGR01312	74	58	6	26	117	61
TIGR01313	24	9	0	0	4	2
TIGR00370	9	32	0	21	91	10
TIGR04179	0	0	0	16	16	6
TIGR03789	313	314	23	365	1357	538
TIGR03788	591	548	12	901	3516	1002
TIGR02653	113	124	7	300	904	319
TIGR03785	1577	1367	96	1713	6357	2138
TIGR03784	136	99	1	146	600	228
TIGR03787	1269	1247	43	1456	4824	1605
TIGR04170	948	722	72	343	1056	511
TIGR04177	3	3	2	5	19	9
TIGR01166	4383	3967	333	5452	19715	6899
TIGR00376	0	0	0	37	30	0
TIGR00273	85	114	6	43	114	34
TIGR00274	32	47	0	18	123	17
TIGR00275	377	304	9	442	1477	536
TIGR00276	364	361	28	631	1913	588
TIGR00277	0	0	0	8	33	8
TIGR00278	242	157	11	268	946	376
TIGR01679	26	8	2	12	45	17
TIGR01001	28	49	2	31	85	27
TIGR01003	0	0	0	4	40	1
TIGR01005	252	193	6	363	1790	347
TIGR01007	559	429	25	717	2862	785
TIGR01008	331	329	35	409	1316	509
TIGR01009	429	428	41	538	1697	608
TIGR03097	196	210	17	229	1051	305
TIGR03099	307	270	18	582	2094	693
TIGR03098	4229	3776	268	5304	18679	7044
TIGR02786	12	18	0	70	157	76
TIGR03338	271	223	12	303	1005	344
TIGR02784	259	215	15	442	1199	478
TIGR02785	492	391	24	690	2073	750
TIGR02782	464	353	34	621	2424	705
TIGR03659	47	49	0	18	87	25
TIGR03654	418	327	29	565	1742	700
TIGR03653	267	172	13	325	1233	454
TIGR02788	520	404	35	744	2670	810
TIGR02789	239	202	8	315	984	429
TIGR03362	21	10	2	10	27	19
TIGR00663	332	390	19	540	2112	671
TIGR00661	145	91	4	138	634	233
TIGR00667	208	152	11	227	860	319
TIGR00665	870	790	37	1627	4756	1488
TIGR02435	326	224	16	339	1325	412
TIGR02436	0	1	0	12	35	9
TIGR02437	3609	3191	187	4591	15046	5452
TIGR02430	1394	1415	83	1742	7100	2439
TIGR02431	43	94	0	50	139	65
TIGR02432	194	168	8	234	853	325
TIGR02433	31	28	0	70	184	94
TIGR00461	840	768	82	1127	4053	1554
TIGR00460	288	278	5	430	1622	506
TIGR00463	571	602	48	764	2694	952
TIGR00462	1108	963	94	1285	3919	1685
TIGR00465	277	295	32	362	1084	373
TIGR00464	889	919	79	1315	4567	1629
TIGR00466	120	106	1	67	222	68
TIGR00469	322	216	14	274	837	328
TIGR00468	342	242	18	311	947	351
TIGR01822	335	352	14	445	1489	541
TIGR01823	883	864	36	1082	3779	1337
TIGR01820	848	780	33	1073	3625	1318
TIGR01821	325	342	14	438	1481	534
TIGR01826	28	66	3	13	68	16
TIGR01824	759	694	28	943	3159	1182
TIGR01825	325	341	14	436	1478	534
TIGR03266	8	12	0	10	71	13
TIGR03267	154	131	2	328	1380	409
TIGR01828	208	209	11	314	1069	327
TIGR01829	9662	8211	450	11958	42337	15670
TIGR03262	94	110	0	138	441	169
TIGR03263	442	398	45	519	1583	573
TIGR02320	257	259	17	362	1069	421
TIGR02321	257	259	17	362	1076	426
TIGR02322	55	44	0	12	73	22
TIGR02323	1955	1802	142	2436	8939	3165
TIGR02324	2670	2446	211	3250	11811	4223
TIGR02325	24	34	0	21	88	17
TIGR02326	24	48	1	63	191	42
TIGR02329	2532	2293	145	3107	10856	3885
TIGR00417	58	35	0	29	98	36
TIGR01798	784	713	59	974	3253	1127
TIGR01799	13	9	2	7	25	14
TIGR01791	13	9	2	7	25	14
TIGR01793	209	172	26	261	1018	358
TIGR01795	13	9	2	7	25	14
TIGR04347	53	57	2	90	353	73
TIGR02229	0	0	0	3	26	8
TIGR02225	1525	1502	563	1762	5504	1922
TIGR02224	1560	1560	558	1839	5603	2011
TIGR02227	225	158	10	368	1123	402
TIGR02226	5	11	0	25	41	18
TIGR02220	52	23	3	10	88	76
TIGR02223	45	37	4	52	302	93
TIGR02222	71	73	2	112	403	136
TIGR03864	4831	4462	332	6144	21918	7668
TIGR03865	1	1	0	9	31	11
TIGR03310	202	194	8	325	1098	393
TIGR03311	22	18	0	29	120	29
TIGR03316	171	209	13	239	1016	367
TIGR03317	111	130	0	217	638	242
TIGR03314	175	108	4	273	979	341
TIGR03863	0	0	0	64	201	46
TIGR00843	18	21	0	4	10	6
TIGR00842	106	131	6	76	189	43
TIGR00841	11	15	4	113	318	82
TIGR03423	846	653	30	1044	4014	1254
TIGR03868	52	41	2	13	72	43
TIGR03869	201	216	12	332	1243	378
TIGR00689	4	2	0	12	69	9
TIGR00688	22	25	0	6	37	8
TIGR00683	225	297	12	451	1553	466
TIGR00682	100	109	8	106	309	162
TIGR00684	0	0	0	22	68	9
TIGR00686	73	65	7	70	327	120
TIGR02823	571	507	29	818	2545	1130
TIGR03881	69	45	0	84	282	91
TIGR02822	841	626	68	858	3079	1020
TIGR00547	2	2	0	8	50	10
TIGR00652	200	185	3	296	937	290
TIGR02133	4	2	0	12	70	11
TIGR02135	124	151	8	180	662	202
TIGR02134	13	11	2	45	130	43
TIGR02137	211	138	20	275	773	328
TIGR02136	451	361	10	681	2599	849
TIGR01642	70	69	3	49	187	84
TIGR01643	23	30	3	47	276	69
TIGR01641	90	8	0	42	217	190
TIGR01646	134	141	19	56	266	103
TIGR01647	479	435	20	800	3011	886
TIGR04014	497	445	45	750	2381	759
TIGR04016	357	300	14	359	1255	459
TIGR04017	116	131	13	251	935	223
TIGR00069	60	68	4	147	312	87
TIGR00068	325	297	4	310	1140	446
TIGR04013	499	453	46	755	2355	766
TIGR02917	1111	1244	31	1563	7665	1765
TIGR02916	2577	2130	97	3583	13565	4421
TIGR02915	2980	2642	170	3636	12879	4373
TIGR00066	485	455	28	652	2428	932
TIGR02913	5	16	0	3	30	5
TIGR00060	222	182	11	232	827	239
TIGR00063	542	436	6	575	1711	659
TIGR00062	178	147	7	165	643	158
TIGR01259	61	78	2	149	419	144
TIGR01255	2	0	0	23	100	6
TIGR01257	1556	1368	104	2041	7927	2641
TIGR01256	185	270	3	187	1007	255
TIGR01251	368	376	27	721	2549	872
TIGR01250	46	55	3	49	154	61
TIGR01499	216	237	10	326	1301	452
TIGR01498	207	182	16	256	837	335
TIGR01491	127	75	9	229	885	257
TIGR01490	305	253	12	589	2274	691
TIGR01497	191	186	8	228	883	270
TIGR01496	187	151	10	377	1015	375
TIGR01494	363	312	12	441	1569	510
TIGR03468	17	32	2	15	43	22
TIGR03469	80	70	8	108	476	138
TIGR03461	270	290	7	510	1846	570
TIGR04303	52	57	2	73	291	66
TIGR03466	166	201	23	204	574	238
TIGR01740	203	183	14	256	896	326
TIGR01746	0	0	0	11	70	21
TIGR03799	173	111	5	208	519	152
TIGR03796	4454	3907	290	5330	19115	6784
TIGR03797	4478	3956	283	5323	18486	6537
TIGR03794	8	11	0	104	185	57
TIGR04167	359	297	4	433	1560	557
TIGR03790	0	0	0	8	38	8
TIGR03791	116	43	1	182	642	234
TIGR00205	44	88	0	108	338	152
TIGR00204	996	864	91	1419	4877	1759
TIGR00207	311	239	12	489	1434	557
TIGR00206	234	199	5	315	1156	366
TIGR00201	167	147	16	211	1124	396
TIGR00200	560	416	35	781	2351	823
TIGR00203	2	7	0	6	14	16
TIGR00202	198	200	7	240	749	291
TIGR00209	0	0	0	0	40	10
TIGR00208	290	231	2	347	1131	356
TIGR01075	805	665	47	874	3089	1062
TIGR01074	733	592	41	765	2711	929
TIGR01071	172	130	5	258	773	289
TIGR01070	825	660	64	1093	3700	1172
TIGR01073	835	683	47	892	3198	1102
TIGR02295	37	53	2	42	82	38
TIGR01079	27	51	1	82	244	107
TIGR01078	1	0	0	0	20	4
TIGR02297	9	26	0	11	78	11
TIGR00530	257	259	19	422	1277	444
TIGR01683	0	0	0	22	48	18
TIGR04239	208	187	9	309	908	311
TIGR01984	3280	4548	1818	3687	14879	3508
TIGR03083	45	32	2	19	91	41
TIGR03080	205	211	7	230	923	293
TIGR03081	51	60	0	66	333	95
TIGR03087	438	384	46	599	2189	825
TIGR03084	112	77	4	68	195	106
TIGR03088	792	740	58	994	4310	1315
TIGR03640	58	41	6	120	750	160
TIGR00518	735	625	25	883	3340	1191
TIGR00668	150	136	5	257	1062	274
TIGR03644	1333	1183	128	1847	6054	1934
TIGR03646	101	100	7	204	697	331
TIGR03647	87	65	4	79	214	80
TIGR03648	1023	876	54	1125	3223	1399
TIGR00510	487	352	11	581	1513	668
TIGR00513	443	328	35	488	1694	663
TIGR00512	0	0	0	17	51	14
TIGR00515	301	284	17	396	1479	585
TIGR00838	792	560	53	998	3148	1179
TIGR00517	71	62	4	120	281	164
TIGR00516	91	74	6	146	418	116
TIGR01109	928	636	31	977	2994	1165
TIGR01108	557	559	15	809	2584	1054
TIGR01103	361	251	10	385	1481	538
TIGR01102	343	243	10	386	1489	534
TIGR01105	281	274	10	442	1242	452
TIGR01104	266	221	15	339	788	328
TIGR01106	214	221	9	335	1276	387
TIGR00674	390	386	13	632	2258	658
TIGR00675	404	306	20	209	633	481
TIGR00676	452	435	12	589	2276	876
TIGR00677	453	436	12	590	2278	878
TIGR00670	308	311	20	381	1520	605
TIGR00671	109	100	0	75	324	61
TIGR00678	331	260	24	420	1416	458
TIGR00472	744	736	37	1078	3938	1321
TIGR00473	184	186	20	195	936	273
TIGR00471	49	38	6	60	240	63
TIGR00476	178	152	4	349	1208	453
TIGR00477	29	27	0	11	28	17
TIGR00474	0	0	0	48	256	56
TIGR00475	2661	2619	461	2654	7716	3415
TIGR02685	2941	2657	129	3518	12210	4713
TIGR00479	337	217	5	351	1511	506
TIGR02683	2	2	0	33	74	38
TIGR02681	313	158	38	23	74	200
TIGR03455	19	19	0	25	100	14
TIGR00835	456	470	30	594	1979	682
TIGR04337	0	4	4	9	47	20
TIGR03007	669	473	35	636	2699	898
TIGR03253	4766	3948	211	5789	17762	7430
TIGR01816	1886	1453	97	2009	6503	2357
TIGR01815	889	879	37	1107	3837	1372
TIGR03250	2661	2679	190	3036	10297	3720
TIGR01813	1008	779	48	1113	3439	1245
TIGR01812	1884	1454	97	2021	6544	2364
TIGR01811	1707	1321	91	1846	5901	2134
TIGR01810	264	316	12	142	566	141
TIGR03258	4218	3897	299	5181	18384	6573
TIGR01819	330	316	9	377	1338	551
TIGR01818	5469	4719	267	6523	22528	7894
TIGR02355	340	389	25	442	1880	595
TIGR02354	239	262	13	357	1440	433
TIGR02356	337	383	25	436	1870	591
TIGR02350	1457	1317	117	1850	5885	2481
TIGR02353	15	31	2	25	149	60
TIGR02352	265	286	11	149	652	171
TIGR03193	1	2	0	2	40	9
TIGR02237	129	101	5	127	436	165
TIGR03327	91	72	2	177	586	169
TIGR03326	2	0	1	1	41	14
TIGR03325	4102	3560	189	4866	17696	6422
TIGR03324	2099	2045	394	2330	6684	2865
TIGR03323	246	247	11	369	1248	398
TIGR03321	2	1	1	41	153	36
TIGR00855	345	337	29	451	1494	631
TIGR00856	369	336	15	679	2067	682
TIGR00857	62	77	0	129	342	127
TIGR00852	34	14	0	0	3	4
TIGR00698	0	0	0	16	105	32
TIGR00699	171	190	12	325	1159	397
TIGR00692	2235	1716	136	2551	8498	3219
TIGR00693	55	78	0	29	121	48
TIGR00690	71	96	48	94	410	85
TIGR00691	1349	1430	86	1621	6018	2115
TIGR00696	17	28	2	5	25	10
TIGR00697	9	2	0	19	73	13
TIGR04030	6	2	0	16	68	14
TIGR02510	334	275	15	379	958	400
TIGR02122	7	8	0	33	58	14
TIGR02123	9	19	0	68	121	57
TIGR02120	778	650	30	1023	3481	1252
TIGR02121	708	516	38	740	2089	1025
TIGR02127	3	3	4	7	34	12
TIGR02124	155	133	2	336	1348	410
TIGR01678	200	174	12	260	935	336
TIGR01676	28	9	2	14	46	17
TIGR02129	4	8	0	10	85	18
TIGR01670	70	82	1	99	293	101
TIGR02902	301	250	12	463	1501	514
TIGR02903	393	309	16	554	1890	641
TIGR00078	237	185	10	319	1479	511
TIGR00079	277	176	6	254	1051	255
TIGR00077	87	121	11	178	501	163
TIGR00074	0	0	0	4	35	9
TIGR03269	3127	2824	240	3879	13939	4841
TIGR00072	2	2	0	6	19	4
TIGR00073	6	4	0	31	14	21
TIGR00070	71	92	3	108	408	126
TIGR00071	250	229	15	323	1477	625
TIGR01249	207	164	14	164	613	195
TIGR01246	544	558	24	752	2378	840
TIGR01247	215	149	16	313	942	319
TIGR01244	31	8	0	62	292	78
TIGR01245	432	276	22	553	1690	567
TIGR01242	646	594	60	816	2641	936
TIGR01243	667	609	63	838	2734	964
TIGR01240	25	19	0	0	2	0
TIGR01241	1187	1022	84	1553	5145	1820
TIGR03265	5244	4873	356	6679	23465	8372
TIGR01488	323	233	12	538	2108	655
TIGR01484	52	20	0	10	46	9
TIGR01486	52	20	0	2	2	6
TIGR01480	39	55	0	38	109	63
TIGR01481	318	245	2	60	214	88
TIGR03147	4	6	7	3	68	9
TIGR03419	6	11	0	47	142	31
TIGR03418	1142	1191	55	818	2993	1109
TIGR03415	3285	3050	245	4209	15141	5352
TIGR03417	466	498	127	262	1178	311
TIGR03416	1	1	0	26	138	9
TIGR03411	3867	3473	253	4563	16729	5825
TIGR03410	4441	4119	318	5512	19683	6940
TIGR03413	691	534	22	826	2825	1067
TIGR03412	122	101	5	131	348	153
TIGR03903	609	524	33	446	1858	638
TIGR00042	82	86	7	160	515	205
TIGR02977	85	84	7	14	85	29
TIGR03521	0	0	0	10	22	3
TIGR03520	951	673	33	1175	3707	1456
TIGR03523	0	0	0	6	36	6
TIGR03522	3617	3297	221	4355	16363	5601
TIGR03525	108	75	1	244	815	241
TIGR03524	83	71	0	184	584	186
TIGR03526	276	285	14	378	1211	392
TIGR03529	110	77	1	279	755	261
TIGR03528	126	94	6	155	509	237
TIGR02970	22	23	1	34	153	48
TIGR00216	286	197	18	403	1518	527
TIGR00217	6	26	1	32	251	21
TIGR00214	138	79	2	103	417	134
TIGR00215	351	388	4	636	1930	622
TIGR00212	217	154	19	335	1153	358
TIGR00213	62	48	4	121	256	91
TIGR00210	333	256	17	224	547	240
TIGR00211	281	291	31	412	1502	445
TIGR00219	167	166	9	307	1008	333
TIGR01066	125	100	13	166	624	148
TIGR01067	448	320	16	518	1599	529
TIGR01064	273	222	14	338	1015	381
TIGR01065	128	118	5	113	331	189
TIGR01062	1433	1126	119	1747	5616	2066
TIGR01063	1500	1217	109	1736	5460	2030
TIGR01060	653	548	42	751	2761	1044
TIGR01061	1356	1128	107	1545	4872	1800
TIGR01068	353	335	21	535	1733	540
TIGR01069	302	200	28	369	1103	380
TIGR03635	142	105	12	197	687	249
TIGR00508	1346	1171	60	1922	7479	2276
TIGR00509	193	124	9	243	848	254
TIGR03631	361	375	30	436	1385	412
TIGR03630	93	69	0	88	443	146
TIGR03632	215	227	26	387	1044	342
TIGR00503	1955	1953	230	2267	7367	2856
TIGR00500	516	395	35	607	2075	776
TIGR00501	80	38	12	77	232	120
TIGR00506	279	157	21	356	1368	458
TIGR00507	197	219	24	328	1230	342
TIGR00505	299	305	8	316	1357	366
TIGR01118	4	2	0	12	69	9
TIGR01119	0	2	0	10	29	4
TIGR01116	286	283	14	655	2526	690
TIGR01117	876	772	58	1151	3743	1523
TIGR00447	36	23	2	40	93	41
TIGR00446	295	230	11	399	1437	480
TIGR00445	538	475	42	638	1873	637
TIGR02693	286	286	25	461	1736	621
TIGR00443	725	700	47	872	3033	1185
TIGR00442	667	588	41	750	2804	1075
TIGR02696	926	842	76	925	3163	1324
TIGR00440	508	415	44	597	2389	787
TIGR03740	3776	3375	252	4620	17321	6007
TIGR03743	87	107	3	38	141	75
TIGR03744	101	151	1	115	248	151
TIGR00449	726	537	87	612	1978	757
TIGR03746	5	10	0	8	12	8
TIGR01809	112	130	2	149	587	185
TIGR01800	731	668	67	967	3244	1120
TIGR01801	67	60	3	41	232	80
TIGR01804	3181	3136	223	3694	12549	4531
TIGR01805	13	9	2	7	25	14
TIGR01806	32	50	0	144	477	168
TIGR01807	60	52	2	38	217	74
TIGR03244	25	32	0	6	40	11
TIGR03245	25	32	0	6	40	11
TIGR03246	1065	980	51	1585	6124	1829
TIGR00999	1276	1110	71	1720	6696	2120
TIGR00998	580	635	36	962	3982	1001
TIGR03242	35	50	0	12	69	19
TIGR03243	25	32	0	6	40	11
TIGR00997	0	0	0	6	23	1
TIGR00996	10	10	0	61	253	37
TIGR03248	73	132	8	46	121	33
TIGR03249	146	209	9	417	1356	374
TIGR02347	102	136	10	134	420	224
TIGR02345	55	94	7	98	286	134
TIGR02343	47	48	11	45	113	68
TIGR02348	1139	1213	111	1187	3510	1553
TIGR02349	539	584	24	909	2859	1082
TIGR02203	4347	3875	255	5313	18522	6757
TIGR03339	1279	1257	51	1335	4294	1566
TIGR02201	52	58	10	17	112	43
TIGR02207	219	174	8	333	1345	453
TIGR02205	285	230	9	454	1566	470
TIGR02204	4272	3822	245	5138	18014	6550
TIGR03330	0	0	0	4	20	10
TIGR03331	14	37	0	17	88	15
TIGR02209	5	19	0	22	123	21
TIGR02208	127	116	6	301	1193	357
TIGR03334	0	0	0	1	14	0
TIGR03335	14	20	2	7	35	8
TIGR03336	253	198	1	383	1197	417
TIGR03825	0	0	0	8	36	7
TIGR03866	29	27	2	66	310	48
TIGR03019	162	136	15	195	874	289
TIGR00848	199	145	12	219	723	278
TIGR03860	47	45	3	77	223	99
TIGR03861	0	3	2	21	145	18
TIGR01660	115	108	23	311	872	319
TIGR02116	193	199	21	276	848	354
TIGR01662	94	96	4	227	422	175
TIGR02113	210	208	9	223	930	276
TIGR02111	77	120	6	70	283	57
TIGR02110	444	371	25	713	2466	851
TIGR03315	986	852	70	1141	3993	1500
TIGR02119	619	465	34	636	1787	879
TIGR00840	121	101	6	133	503	190
TIGR00847	99	83	6	63	251	121
TIGR03072	411	465	37	535	1930	662
TIGR03070	0	1	0	3	8	13
TIGR02801	392	370	31	395	1473	462
TIGR03407	86	55	2	26	68	54
TIGR02803	324	296	25	275	1097	341
TIGR00043	169	164	8	212	757	265
TIGR02974	1973	1717	124	2400	8153	3028
TIGR00041	627	561	29	424	1519	861
TIGR03405	493	442	12	449	1444	427
TIGR02971	128	128	7	188	790	185
TIGR00046	287	220	6	358	1138	370
TIGR00044	483	473	16	740	2197	807
TIGR02805	184	170	12	233	908	285
TIGR00049	201	187	22	315	1097	410
TIGR00048	531	396	30	654	2276	768
TIGR02978	0	1	0	12	18	8
TIGR02804	186	202	18	243	927	265
TIGR01273	9	4	0	83	105	44
TIGR01272	23	68	2	47	143	53
TIGR01271	878	753	48	945	3186	1205
TIGR01270	19	45	2	36	45	23
TIGR01277	3806	3395	270	4726	16569	5841
TIGR02807	0	0	0	10	57	9
TIGR01275	341	280	14	398	1128	521
TIGR01274	320	255	12	368	1094	504
TIGR01470	257	230	16	328	1001	424
TIGR01473	152	197	7	219	888	297
TIGR01472	267	201	21	323	1388	442
TIGR01475	94	123	3	115	487	119
TIGR01474	278	267	10	393	1518	528
TIGR01479	570	481	43	760	2628	921
TIGR03408	56	27	3	63	119	64
TIGR03409	67	65	4	37	110	49
TIGR03406	66	54	0	27	59	30
TIGR02800	331	304	13	537	1822	634
TIGR04364	80	83	0	188	475	190
TIGR02802	367	366	25	434	1704	633
TIGR03402	704	601	34	872	2465	859
TIGR03403	645	540	33	801	2313	797
TIGR03400	1	7	0	10	30	21
TIGR00195	537	530	36	812	2758	1060
TIGR00194	606	511	25	720	2655	992
TIGR00197	93	99	0	161	562	158
TIGR00196	156	139	7	331	1070	271
TIGR00191	48	58	7	48	145	41
TIGR00190	525	484	63	461	1827	510
TIGR00199	166	142	21	283	941	316
TIGR01587	20	6	0	26	96	22
TIGR01581	115	137	2	159	550	218
TIGR01580	142	148	6	588	1309	488
TIGR01582	122	109	5	185	550	210
TIGR01588	302	368	16	471	1542	552
TIGR04182	15	22	0	32	246	33
TIGR04183	0	2	0	17	56	11
TIGR04180	1142	1122	75	1524	5046	1963
TIGR04181	29	17	0	121	547	78
TIGR04188	0	1	0	23	32	4
TIGR04189	4	5	2	26	139	41
TIGR03532	452	390	15	521	1907	678
TIGR03533	354	290	11	554	1785	589
TIGR00229	1892	1599	152	2208	8060	2801
TIGR04211	146	113	2	204	794	243
TIGR03536	503	382	19	507	1657	666
TIGR03537	711	570	49	995	3211	1226
TIGR03534	417	350	17	539	1767	599
TIGR03535	503	378	19	507	1655	666
TIGR00223	162	227	9	185	704	233
TIGR00222	441	293	2	572	1748	634
TIGR03538	705	568	42	948	3170	1218
TIGR04219	19	34	0	16	79	9
TIGR00227	232	264	9	419	1357	363
TIGR00225	471	505	18	771	2704	950
TIGR00224	451	405	40	567	1637	674
TIGR01059	1961	1734	136	2598	8000	3192
TIGR01058	1547	1403	109	2161	6576	2637
TIGR01051	44612	78462	44046	30613	98295	26641
TIGR01050	35	28	13	95	256	109
TIGR01057	44497	78395	44043	30512	98099	26483
TIGR01056	44481	78456	44042	30601	98365	26523
TIGR01055	1614	1440	113	2278	6963	2733
TIGR01054	615	445	33	624	2054	698
TIGR01298	378	263	11	430	1631	428
TIGR01291	0	0	0	51	121	18
TIGR01293	310	299	16	443	1665	654
TIGR01292	1039	824	61	1579	5056	1820
TIGR01297	367	321	12	472	1483	546
TIGR01296	225	244	23	407	1450	459
TIGR02590	7	12	2	49	327	42
TIGR02594	0	0	0	14	17	4
TIGR02753	8	6	0	6	68	4
TIGR02752	475	409	13	541	1574	626
TIGR03626	6	22	0	13	52	24
TIGR03627	93	70	7	105	440	159
TIGR03625	148	196	14	290	712	297
TIGR03622	67	65	4	37	110	49
TIGR03623	430	332	9	673	2464	826
TIGR00539	240	247	10	324	1213	351
TIGR03621	1522	1184	64	1960	5456	2347
TIGR00537	96	96	4	103	359	129
TIGR00536	425	349	13	568	1897	629
TIGR00533	2	7	0	20	51	23
TIGR00532	24	28	0	2	5	2
TIGR00531	277	270	42	399	1281	541
TIGR03629	146	162	17	191	608	205
TIGR01987	0	0	0	36	76	9
TIGR01129	291	234	15	344	1111	394
TIGR01128	233	151	18	371	1269	386
TIGR01127	779	579	52	901	3293	1160
TIGR01126	321	305	19	518	1618	506
TIGR01125	778	683	97	1087	3694	1181
TIGR01124	826	729	39	1088	3961	1318
TIGR01123	109	134	7	209	817	300
TIGR01122	268	293	16	383	1364	518
TIGR01121	145	137	1	302	1193	374
TIGR01120	4	2	0	12	69	9
TIGR00458	820	756	82	885	2929	1275
TIGR00459	723	655	79	776	2564	1136
TIGR00450	515	494	15	982	3018	974
TIGR00452	409	283	10	472	1501	668
TIGR00453	296	207	3	463	1533	496
TIGR00455	389	383	16	492	1535	561
TIGR00456	239	237	3	316	1165	364
TIGR00457	207	275	31	353	1089	383
TIGR03758	15	11	0	31	70	45
TIGR03759	61	75	2	33	97	50
TIGR03750	19	21	0	11	13	19
TIGR03751	39	28	0	8	53	43
TIGR03756	48	54	6	16	61	41
TIGR03754	87	107	3	38	141	75
TIGR03755	48	56	0	20	100	69
TIGR02139	95	119	0	144	461	182
TIGR02138	274	301	12	454	1566	539
TIGR03111	294	278	24	384	1401	500
TIGR01876	4	2	0	9	26	4
TIGR01873	13	12	0	3	8	4
TIGR01768	2	4	0	5	25	4
TIGR02976	21	35	0	3	14	14
TIGR02379	22	11	0	109	492	68
TIGR02378	145	125	4	190	527	232
TIGR00988	292	198	12	265	1097	439
TIGR02372	248	213	32	383	1748	501
TIGR02371	73	104	4	42	123	26
TIGR02370	193	186	38	273	853	400
TIGR00982	46	38	4	104	180	76
TIGR02376	8	12	1	6	63	11
TIGR02375	4	4	0	2	69	7
TIGR02374	1939	1713	90	2859	9356	3252
TIGR02571	27	9	0	948	341	202
TIGR02574	8	8	0	5	84	30
TIGR02577	0	0	0	6	67	15
TIGR02169	651	528	53	820	2459	827
TIGR02214	603	455	23	781	3024	890
TIGR01900	420	463	28	609	1945	628
TIGR01902	248	252	13	335	1006	347
TIGR02210	503	506	26	849	2803	917
TIGR03348	176	208	19	73	262	136
TIGR02212	634	485	21	888	3353	1222
TIGR02213	525	399	19	765	2761	1035
TIGR03345	1877	1499	150	2029	6933	2692
TIGR03344	0	0	0	4	36	13
TIGR03347	47	44	1	6	53	45
TIGR03346	1858	1512	154	2066	7102	2742
TIGR02218	674	341	8	153	317	112
TIGR02219	46	25	0	4	0	2
TIGR03343	4	7	0	121	304	60
TIGR03342	145	127	5	177	621	268
TIGR03189	1812	1364	108	2285	8221	2757
TIGR03183	4	2	2	4	20	15
TIGR03182	367	263	21	352	1020	499
TIGR03181	418	314	23	376	1080	529
TIGR03186	2209	1775	139	2531	8002	3002
TIGR00228	264	189	15	318	1121	376
TIGR04217	185	185	16	169	794	251
TIGR04215	4	0	0	9	41	26
TIGR02108	103	137	5	169	468	121
TIGR02109	249	237	5	261	1112	334
TIGR00485	3435	3387	565	3252	9319	4246
TIGR02100	123	98	0	17	118	45
TIGR02102	38	49	0	15	89	24
TIGR02103	178	158	6	32	127	50
TIGR02104	148	141	4	31	126	49
TIGR00221	37	34	2	23	113	33
TIGR02107	11	6	2	2	5	2
TIGR03983	58	41	6	120	745	151
TIGR01617	203	163	5	197	462	242
TIGR03539	691	572	42	957	3269	1236
TIGR03987	36	20	1	49	257	77
TIGR03986	0	0	0	8	30	12
TIGR01613	909	446	15	1254	1853	952
TIGR03989	2678	1927	175	3088	9798	3848
TIGR03298	365	394	13	332	958	408
TIGR03297	41	45	3	49	184	69
TIGR03296	12	23	3	29	45	19
TIGR03295	0	0	0	49	102	19
TIGR03294	0	0	0	5	27	6
TIGR03290	0	0	0	17	77	5
TIGR03961	54	57	2	53	206	43
TIGR03963	219	173	15	234	953	305
TIGR03962	235	185	3	254	1059	311
TIGR03965	170	197	18	352	1349	414
TIGR01190	89	77	2	139	360	109
TIGR02767	6	10	0	2	2	5
TIGR03966	65	81	10	169	519	207
TIGR01196	550	582	48	646	2113	826
TIGR02962	13	13	0	5	18	2
TIGR01729	0	0	0	4	55	12
TIGR01728	69	96	0	277	975	280
TIGR01720	2	10	0	15	56	19
TIGR01722	2812	2790	196	3247	11131	3983
TIGR01725	78	38	2	2	0	22
TIGR02963	40	53	6	13	88	23
TIGR00054	477	419	18	557	1969	688
TIGR00055	83	90	15	164	689	192
TIGR00056	39	32	0	174	447	164
TIGR02965	24	24	0	51	116	37
TIGR00050	423	339	29	587	1874	660
TIGR00051	88	70	5	108	372	117
TIGR00052	165	132	9	188	765	237
TIGR02961	54	64	3	31	67	41
TIGR00058	50	44	1	114	621	101
TIGR00059	134	105	4	193	732	301
TIGR02968	99	105	2	98	460	143
TIGR02969	22	18	0	29	119	29
TIGR01264	604	516	54	858	2833	1077
TIGR01265	728	634	57	1051	3414	1314
TIGR01266	5	3	0	18	61	9
TIGR01267	19	45	2	34	44	22
TIGR01260	133	116	14	180	515	140
TIGR01261	43	34	0	36	182	50
TIGR01262	795	607	43	745	2922	1018
TIGR01263	201	175	14	136	312	141
TIGR01268	19	45	2	36	45	23
TIGR01269	19	45	2	36	45	23
TIGR01462	397	298	18	615	1775	711
TIGR01463	59	40	5	112	312	116
TIGR01461	340	261	14	531	1548	630
TIGR01466	113	91	16	137	428	126
TIGR01467	105	86	16	124	367	115
TIGR01464	464	348	27	549	1862	613
TIGR01465	178	155	17	190	660	212
TIGR01469	253	231	19	268	1040	349
TIGR03433	34	30	0	5	9	14
TIGR03432	393	430	38	466	1554	626
TIGR02818	2549	1940	197	2878	8975	3481
TIGR04350	534	439	40	717	2340	957
TIGR03434	306	258	15	222	622	222
TIGR02812	26	31	2	22	126	32
TIGR02813	778	904	41	1073	3364	1138
TIGR03439	21	18	0	0	2	0
TIGR03438	21	18	0	0	2	0
TIGR02816	21	36	6	46	106	48
TIGR02817	511	501	19	689	1875	835
TIGR02814	54	68	2	58	201	47
TIGR02815	0	0	0	2	38	0
TIGR00186	614	634	64	753	2626	907
TIGR00187	196	164	18	340	1001	348
TIGR00184	711	795	216	979	2729	963
TIGR00185	278	252	12	352	1207	480
TIGR00182	16	46	2	73	190	66
TIGR00183	198	177	11	240	643	205
TIGR00180	141	153	8	217	967	280
TIGR00181	322	282	14	439	1475	579
TIGR00188	114	106	7	222	795	229
TIGR00189	269	302	15	593	2132	675
TIGR01596	0	1	0	15	227	48
TIGR01594	215	241	5	158	193	131
TIGR01595	7	12	2	56	372	45
TIGR01591	1955	1838	144	2545	8065	3080
TIGR03367	101	69	8	128	388	136
TIGR03507	15	16	0	0	1	12
TIGR03506	755	614	28	915	3293	1167
TIGR03505	52	52	0	90	271	89
TIGR03504	124	102	4	122	443	181
TIGR00238	350	349	13	507	1885	605
TIGR00239	1742	1245	102	1819	5702	2270
TIGR04221	941	932	84	1224	4694	1569
TIGR03500	11	27	0	29	108	35
TIGR00234	528	475	15	863	2988	910
TIGR00236	332	243	16	439	1531	520
TIGR00237	68	44	2	201	570	140
TIGR00230	272	258	15	384	1124	423
TIGR00231	2171	2172	239	2838	8894	3471
TIGR00232	438	373	21	392	1402	435
TIGR00233	460	374	10	512	1991	601
TIGR01048	418	352	21	703	2387	765
TIGR01049	214	169	12	232	610	207
TIGR01044	100	141	4	176	461	139
TIGR01046	184	154	10	203	538	182
TIGR01040	1108	1009	124	1257	3492	1422
TIGR01041	1896	1895	213	2077	5939	2557
TIGR01042	648	520	112	736	1660	864
TIGR01043	1076	963	165	1163	2915	1421
TIGR01288	3309	2988	208	3933	15437	5082
TIGR01289	3	1	0	0	7	0
TIGR01282	0	0	0	37	209	45
TIGR01283	0	0	0	46	210	44
TIGR01280	122	87	4	99	349	95
TIGR01286	0	2	0	30	98	13
TIGR01287	0	0	0	2	31	4
TIGR01284	0	0	0	34	192	40
TIGR01285	0	2	0	30	97	12
TIGR02586	0	0	0	15	41	4
TIGR02580	0	0	0	12	50	0
TIGR02589	9	14	2	94	509	86
TIGR03619	2584	2180	139	3279	9645	4176
TIGR02745	358	357	19	672	2158	865
TIGR03613	14	20	0	22	89	10
TIGR03612	61	43	5	34	204	65
TIGR03611	53	52	0	144	451	117
TIGR02749	368	361	20	670	2149	686
TIGR03617	1607	1264	67	2116	6552	2525
TIGR03616	49	70	8	35	83	15
TIGR03615	191	161	15	211	892	292
TIGR00520	46	61	2	30	69	27
TIGR00521	421	399	24	531	1938	655
TIGR00524	0	0	0	17	51	14
TIGR00525	210	142	10	175	626	275
TIGR00526	217	146	10	179	640	283
TIGR00527	93	115	5	102	628	160
TIGR00528	490	441	16	690	2133	806
TIGR03530	17	20	0	66	197	73
TIGR01131	452	360	29	576	1458	554
TIGR01132	93	79	4	32	189	22
TIGR01133	410	249	6	536	1740	553
TIGR01134	631	585	19	653	2526	1012
TIGR01135	1350	1181	81	1583	5617	2029
TIGR01136	1250	991	73	1739	5856	2013
TIGR01137	1054	833	68	1464	4816	1668
TIGR01138	1031	815	61	1430	4772	1640
TIGR01139	1148	898	69	1607	5308	1823
TIGR00385	45	52	5	30	109	48
TIGR00425	52	53	0	138	388	135
TIGR00424	44	13	0	48	110	27
TIGR00427	1	6	0	24	157	35
TIGR00426	78	86	0	170	401	166
TIGR00421	213	170	18	218	724	314
TIGR00420	303	270	24	479	1352	538
TIGR00423	144	101	9	253	655	195
TIGR00422	1822	1461	134	2299	7076	2717
TIGR00382	566	490	57	718	2373	994
TIGR03765	23	22	4	7	6	6
TIGR03764	65	78	7	62	155	76
TIGR03761	67	58	0	49	170	72
TIGR04132	128	81	1	133	542	183
TIGR00065	459	328	34	623	2034	641
TIGR00064	814	733	35	1356	4902	1498
TIGR00067	122	168	4	241	850	250
TIGR02914	44	41	0	91	326	100
TIGR01869	0	0	0	8	42	2
TIGR04018	235	221	16	361	1051	431
TIGR01862	0	0	0	33	207	43
TIGR01863	5	12	0	104	517	52
TIGR01860	0	0	0	29	147	40
TIGR01861	0	0	0	29	147	39
TIGR00731	303	239	15	353	1183	476
TIGR00730	18	18	5	89	332	75
TIGR00733	0	0	0	29	16	7
TIGR00732	232	151	6	336	1097	381
TIGR00735	452	348	13	708	2118	676
TIGR03620	790	694	34	1074	3389	1461
TIGR00737	813	718	37	1012	4072	1365
TIGR00739	25	27	0	26	79	27
TIGR00738	244	156	17	274	844	361
TIGR00538	225	249	7	396	1423	397
TIGR02566	50	49	4	16	107	46
TIGR00140	2	2	0	7	19	4
TIGR02565	52	36	1	20	64	23
TIGR00790	3	5	3	116	381	72
TIGR00147	0	0	0	28	58	28
TIGR00145	12	14	2	17	108	36
TIGR01912	276	231	7	397	1484	422
TIGR01910	767	822	64	1221	3699	1293
TIGR01916	448	346	7	463	1920	765
TIGR03628	143	133	23	309	818	297
TIGR03358	44	29	0	28	53	38
TIGR03359	111	129	11	69	226	133
TIGR03356	264	162	4	33	85	44
TIGR03357	45	29	2	17	60	35
TIGR03354	74	46	0	15	45	46
TIGR01919	302	228	6	429	1149	472
TIGR03352	27	25	0	11	29	19
TIGR03353	166	108	14	88	187	83
TIGR03350	437	436	17	650	2850	854
TIGR03351	140	104	5	203	707	265
TIGR00886	540	509	21	586	2039	717
TIGR00885	37	76	2	59	166	63
TIGR00884	317	216	22	332	1050	397
TIGR00883	140	154	2	250	436	276
TIGR03199	18	19	4	9	14	5
TIGR00881	230	219	16	266	866	289
TIGR00880	212	208	31	174	552	207
TIGR03194	21	16	0	27	78	20
TIGR03196	20	16	0	27	78	20
TIGR03197	374	307	17	389	1576	561
TIGR03192	0	0	0	17	104	29
TIGR00888	542	514	30	707	2400	841
TIGR02178	579	568	55	632	2055	828
TIGR02177	218	199	2	306	1077	330
TIGR02176	63	67	3	308	1426	381
TIGR02171	1	0	0	8	36	3
TIGR02170	232	214	9	1403	887	309
TIGR03994	211	232	6	309	1107	336
TIGR03996	581	481	37	697	2038	820
TIGR03997	1012	902	45	1294	3711	1475
TIGR03990	1305	1177	51	1923	7054	2111
TIGR03991	0	2	0	21	25	13
TIGR03992	865	693	41	1341	3934	1333
TIGR03999	634	571	45	782	3824	1027
TIGR00959	1021	891	56	1618	5478	1800
TIGR00958	4339	3903	266	5238	18740	6841
TIGR03282	0	0	0	4	37	10
TIGR03283	163	68	16	100	287	171
TIGR03284	604	317	30	395	675	404
TIGR03286	0	0	0	8	47	22
TIGR03288	0	0	0	49	135	36
TIGR00950	211	186	23	254	775	328
TIGR00952	113	139	6	119	304	135
TIGR00955	2970	2632	206	3629	12703	4660
TIGR00954	384	371	19	444	1468	488
TIGR00957	1050	941	61	1069	3377	1303
TIGR00956	305	322	26	269	832	293
TIGR03979	0	0	0	0	52	4
TIGR03970	181	221	10	116	353	93
TIGR03971	9146	7728	406	11238	39885	14791
TIGR03977	35	36	0	18	56	20
TIGR03975	0	0	0	18	78	25
TIGR02167	0	0	0	11	40	3
TIGR02001	544	517	10	586	1739	712
TIGR02000	6	11	0	29	76	20
TIGR01738	61	44	0	159	538	96
TIGR01739	295	225	10	417	1476	544
TIGR02005	38	18	0	0	4	4
TIGR02004	38	18	0	0	4	4
TIGR02007	254	179	4	313	1047	362
TIGR02006	706	608	34	872	2484	865
TIGR02009	76	67	7	177	840	167
TIGR01733	2692	2350	174	3423	12060	4389
TIGR01730	2416	2216	134	3213	11807	3706
TIGR01736	266	234	10	348	1092	392
TIGR01737	144	141	4	260	839	302
TIGR01734	1254	1101	90	1797	7218	2356
TIGR01735	1188	1004	74	1613	5228	2077
TIGR01788	198	200	2	150	754	178
TIGR01455	1211	1096	40	1824	6592	2017
TIGR01454	281	229	8	458	1837	495
TIGR01453	14	15	0	17	87	10
TIGR02241	5	29	0	0	0	2
TIGR01451	23	8	2	37	300	44
TIGR01450	98	106	11	113	390	69
TIGR00061	192	111	19	192	613	169
TIGR04344	2	0	0	83	224	70
TIGR04345	49	56	0	35	88	41
TIGR03426	168	177	20	235	794	292
TIGR03427	68	94	0	260	822	246
TIGR03420	348	323	24	439	1368	603
TIGR03421	22	32	6	21	91	24
TIGR03542	613	525	46	866	2871	1089
TIGR02827	46	47	0	32	71	37
TIGR02825	233	193	13	283	1066	416
TIGR02824	1401	1195	78	1870	5759	2278
TIGR03428	101	86	5	169	501	146
TIGR04349	292	246	25	296	1105	359
TIGR02821	66	77	2	46	76	22
TIGR03840	1	0	0	38	88	18
TIGR02248	20	36	0	11	39	8
TIGR04068	14	16	2	3	14	4
TIGR02506	1816	1432	116	819	2352	1424
TIGR03546	21	65	0	15	30	18
TIGR03545	9	26	0	15	46	10
TIGR02959	549	459	26	470	1699	621
TIGR02952	165	126	8	153	479	185
TIGR02951	129	113	13	245	666	236
TIGR02950	486	380	21	458	1641	578
TIGR02957	48	63	4	28	70	36
TIGR02956	6930	6047	368	7920	30441	9662
TIGR02955	22	29	0	4	17	6
TIGR02954	288	266	15	367	952	427
TIGR03518	6	3	2	28	86	32
TIGR03519	27	34	4	123	378	116
TIGR03512	0	0	0	6	58	19
TIGR03513	10	13	0	43	64	18
TIGR03515	3	0	0	13	46	16
TIGR03516	0	1	0	21	79	19
TIGR00089	943	838	106	1323	4375	1479
TIGR00088	291	235	8	379	1168	428
TIGR00087	273	162	2	294	1033	418
TIGR00086	30	30	0	16	45	18
TIGR00084	189	146	2	263	863	308
TIGR00083	224	254	18	418	1290	458
TIGR00082	166	159	2	258	731	293
TIGR00081	405	330	25	435	1608	547
TIGR00080	204	215	8	339	1188	417
TIGR01926	196	185	15	249	860	339
TIGR03608	5220	4685	376	6531	22366	8118
TIGR03609	22	17	0	13	42	7
TIGR02770	3437	3145	226	4469	15687	5573
TIGR03604	65	69	8	20	168	51
TIGR03607	0	0	0	7	9	3
TIGR03600	800	744	33	1498	4607	1330
TIGR02779	12	16	0	2	15	47
TIGR00557	193	198	9	498	1881	595
TIGR00556	91	74	6	146	418	116
TIGR00551	1629	1234	77	1793	5734	2020
TIGR00550	381	316	28	615	1758	671
TIGR00553	751	687	28	933	3138	1178
TIGR00552	248	294	17	317	1059	350
TIGR00559	302	257	15	481	1368	546
TIGR00558	141	109	7	116	375	117
TIGR01145	495	393	30	657	2181	906
TIGR01144	234	188	16	284	895	312
TIGR01146	464	425	19	621	2082	700
TIGR01141	955	857	59	1408	4695	1646
TIGR01140	753	710	50	1080	3616	1321
TIGR01143	831	737	29	1078	4080	1352
TIGR01142	110	102	8	135	640	230
TIGR02489	369	310	8	482	1740	603
TIGR02488	648	512	14	835	3001	1003
TIGR02487	38	43	0	28	53	23
TIGR02486	2	0	0	38	115	22
TIGR02481	196	218	12	410	1779	487
TIGR02480	105	99	13	161	501	201
TIGR02483	482	352	26	609	1582	643
TIGR02482	389	288	26	521	1162	507
TIGR00438	298	169	15	281	952	357
TIGR00439	450	328	17	810	2604	863
TIGR00436	547	469	16	714	2398	930
TIGR00437	192	192	13	186	757	305
TIGR00434	236	184	3	245	769	272
TIGR00435	571	499	51	839	2429	952
TIGR00432	642	418	71	480	1636	620
TIGR00433	395	278	20	356	1420	499
TIGR00430	726	537	87	612	1978	757
TIGR00431	74	76	1	129	373	149
TIGR03770	110	96	0	122	501	119
TIGR03771	4035	3634	293	5077	18279	6332
TIGR03772	77	65	3	94	367	131
TIGR01853	401	354	20	572	1761	694
TIGR01852	342	280	11	269	898	385
TIGR01851	82	89	1	165	658	191
TIGR01850	379	345	19	664	2085	673
TIGR01857	186	181	7	336	1028	364
TIGR01855	326	326	33	495	1529	619
TIGR01854	166	163	5	277	1068	387
TIGR01859	243	251	22	220	888	257
TIGR01858	149	202	18	180	713	209
TIGR02390	748	783	92	945	2480	1080
TIGR02393	1423	1356	373	1589	4953	1931
TIGR02392	1429	1391	371	1660	5252	2021
TIGR02395	376	438	16	620	2189	846
TIGR02394	1514	1433	380	1706	5457	2106
TIGR02397	324	224	27	434	1527	459
TIGR00722	200	228	10	357	972	341
TIGR00723	208	209	28	277	1048	319
TIGR00720	0	3	0	5	56	12
TIGR00726	307	226	4	439	1653	509
TIGR00724	39	18	0	20	100	40
TIGR00725	10	7	1	65	228	45
TIGR00728	0	0	0	32	16	7
TIGR00729	17	6	0	6	15	6
TIGR02552	62	51	0	58	266	73
TIGR02551	119	104	13	164	497	193
TIGR02550	524	540	1	829	3010	715
TIGR00898	63	73	0	113	197	134
TIGR00899	217	209	5	314	1062	382
TIGR03361	139	150	19	55	233	105
TIGR01923	3672	3286	231	4630	16237	6001
TIGR03366	1926	1351	123	2032	6560	2413
TIGR03365	167	134	8	196	777	249
TIGR03364	21	25	0	20	44	2
TIGR00890	270	207	17	269	1085	314
TIGR00891	63	73	0	102	156	118
TIGR00892	237	160	15	225	817	269
TIGR00893	329	309	20	352	1306	409
TIGR00895	184	199	4	319	1014	398
TIGR01929	3445	2745	222	4374	14829	5285
TIGR03160	19	24	2	25	45	20
TIGR03162	362	284	11	335	1348	482
TIGR03167	427	330	29	486	1794	571
TIGR03169	553	433	23	899	2986	1037
TIGR03168	61	68	6	67	332	91
TIGR02168	1234	974	78	1653	5383	1859
TIGR00987	181	115	10	186	728	276
TIGR02166	570	458	34	644	2239	816
TIGR01632	201	231	33	275	768	300
TIGR02164	253	188	7	201	766	312
TIGR01630	62	77	4	171	494	175
TIGR02162	35	34	1	41	93	22
TIGR02163	0	0	0	30	40	13
TIGR02160	139	167	12	136	598	155
TIGR02161	35	34	1	41	93	22
TIGR02377	15	7	2	15	77	28
TIGR00949	34	53	0	52	111	32
TIGR00942	39	48	0	33	106	24
TIGR00943	14	39	0	13	30	6
TIGR00940	216	307	18	329	655	204
TIGR00981	194	170	24	224	501	208
TIGR00946	299	249	14	381	1414	468
TIGR00947	97	83	3	28	96	40
TIGR00944	135	222	17	232	445	139
TIGR00945	273	221	7	398	1452	411
TIGR03948	70	66	2	122	572	136
TIGR03947	547	461	44	748	2341	948
TIGR03945	987	769	62	1380	4493	1566
TIGR03944	41	56	2	28	90	15
TIGR03942	14	16	2	24	22	10
TIGR03940	10	6	0	40	250	40
TIGR02473	54	91	1	34	254	73
TIGR02012	690	623	34	617	2015	838
TIGR02013	1566	1356	166	1780	5197	2117
TIGR02010	248	132	14	300	997	387
TIGR02011	198	184	22	296	1038	379
TIGR02017	17	10	2	8	18	3
TIGR01709	2	1	0	17	78	0
TIGR01708	84	58	1	107	450	120
TIGR01706	1176	1169	101	1615	4749	1895
TIGR02018	16	31	0	27	94	14
TIGR01704	23	37	2	22	82	28
TIGR01703	8	2	0	124	382	71
TIGR01702	0	0	0	19	86	41
TIGR01701	1042	855	59	1132	3853	1336
TIGR01700	86	53	1	209	804	275
TIGR03381	279	252	12	402	1365	412
TIGR03385	1591	1368	72	2391	7564	2699
TIGR03384	12	28	2	17	38	25
